SCREEN_ID	화면명	권한	상태	코드파일
COM-1-PAGE-02-0	탈퇴_안내사항	전체	구현	screens/More/WithdrawGuideScreen.tsx
COM-2-PAGE-01-0	약관 동의	전체	구현	screens/Signup/TermsAgreementScreen.tsx
COM-2-PAGE-04-0	탈퇴_권한 넘기기	전체	구현	screens/More/WithdrawOwnershipTransferScreen.tsx
COM-2-PAGE-05-0	탈퇴_사유 입력	전체	구현	screens/More/WithdrawReasonScreen.tsx
COM-3-MODAL-01-0	탈퇴_사유 입력	전체	구현	screens/More/WithdrawReasonScreen.tsx
COM-3-PAGE-01-0	약관 상세 [대조 상대 없음]	전체	구현	screens/Signup/{TermsOfService,PrivacyPolicy,MarketingConsent}Screen.tsx
COM-3-PAGE-02-0	간편 가입 정보 입력	전체	구현	screens/Signup/SocialSignupInfoScreen.tsx
COM-3-PAGE-03-0	가입 정보 입력	전체	구현	screens/Signup/SignupInfoScreen.tsx
COM-3-PAGE-04-0	비밀번호 재설정_완료 [대조 상대 없음]	-	구현	screens/PasswordReset/PasswordResetSentScreen.tsx
DSH-2-PAGE-01-0	알림 목록	전체	구현	screens/Notification/NotificationScreen.tsx
DTB-1-PAGE-01-0	내역 메인	총무	구현	screens/Transactions/TransactionsScreen.tsx
DTB-2-PAGE-01-0	내역 검색_전체	전체	구현	screens/Transactions/TransactionSearchScreen.tsx
DTB-2-PAGE-02-0	상세 내역_조회	전체	구현	screens/Folder/TransactionDetailScreen.tsx
DTB-2-SHEET-01-0	내역 필터링	전체	구현	screens/Transactions/TransactionFilterSheet.tsx
DTB-3-MODAL-01-0	상세 내역_삭제	전체	구현	screens/Folder/TransactionDetailScreen.tsx L152
DTB-3-PAGE-01-0	증빙자료 상세 [대조 상대 없음]	전체	구현	screens/Folder/TransactionReceiptDetailScreen.tsx
DTB-3-PAGE-02-0	상세 내역_수정	전체	구현	screens/Transactions/TransactionRegisterScreen.tsx
DTB-3-SHEET-01-0	기간 선택 캘린더	전체/총무	구현	screens/Transactions/TransactionFilterSheet.tsx
DTB-3-SHEET-02-0	장부 복수 선택	전체	구현	screens/Transactions/TransactionLedgerMultiSelectSheet.tsx
DTB-4-MODAL-01-0	상세 내역_수정 이탈 안내	전체	구현	screens/Transactions/TransactionRegisterScreen.tsx L480
FDR-2-MODAL-02-0	폴더 전체 백업	총무	구현	screens/Folder/FolderScreen.tsx
FDR-2-PAGE-01-0	이동 대상 선택 (그리드 뷰) / 이동 대상 선택 (리스트 뷰)	전체	구현	screens/Folder/FolderSelectMoveScreen.tsx
FDR-2-PAGE-02-0	전체 예산 설정 목록	전체	구현	screens/Folder/FolderBudgetListScreen.tsx
FDR-2-PAGE-04-0	폴더 상세 (그리드 뷰) / 폴더 상세 (리스트 뷰)	전체	구현	screens/Folder/FolderScreen.tsx
FDR-2-PAGE-05-0	장부 상세	전체	구현	screens/Folder/LedgerDetailScreen.tsx
FDR-3-PAGE-01-0	이동 경로 선택 (그리드 뷰) / 이동 경로 선택 (리스트 뷰)	전체	구현	screens/Folder/FolderMoveDestinationScreen.tsx
FDR-3-PAGE-02-0	내역 검색_장부	전체	구현	screens/Folder/LedgerSearchScreen.tsx
FDR-3-PAGE-03-0	새 장부 생성	총무	구현	screens/Folder/LedgerCreateScreen.tsx
FDR-3-SHEET-03-0	장부상세_필터링	전체	구현	screens/Folder/LedgerFilterSheet.tsx
FDR-3-SNACKBAR-01-0	새 폴더 생성_완료	총무	구현	screens/Folder/FolderScreen.tsx
FDR-3-SNACKBAR-02-0	폴더 백업 완료	총무	구현	screens/Folder/FolderScreen.tsx
FDR-4-SNACKBAR-01-0	이동 완료 / 폴더 해제_완료	전체/총무	구현	screens/Folder/FolderScreen.tsx
FDR-4-SNACKBAR-02-0	장부 삭제_완료	총무	구현	screens/Folder/LedgerDetailScreen.tsx
FDR-4-SNACKBAR-03-0	이름 변경_완료 [대조 상대 없음]	총무	구현	screens/Folder/FolderScreen.tsx
DUE-1-PAGE-01-0	납부 관리 메인	전체	구현	screens/Dues/DuesScreen.tsx
DUE-2-PAGE-01-0	회비 생성	총무	구현	screens/Dues/DuesCreateScreen.tsx
DUE-3-PAGE-01-0	새 회비 생성_모임원 선택	총무	구현	screens/Dues/DuesCreateScreen.tsx
DUE-2-PAGE-02-0	모임원 관리	전체	구현	screens/Member/MemberManageScreen.tsx
DUE-2-PAGE-03-0	회비 항목 상세 / 회비 항목 상세 (미납부)	전체/총무	구현	screens/Dues/DuesDetailScreen.tsx
DUE-2-PAGE-03-1	회비 항복 상세 (납부완료)	-	구현	screens/Dues/DuesDetailScreen.tsx
DUE-3-MODAL-01-0	회비 삭제	총무	구현	screens/Dues/DuesDetailScreen.tsx
DUE-3-MODAL-02-0	회비 마감	총무	구현	screens/Dues/DuesDetailScreen.tsx
DUE-3-PAGE-02-0	모임원 선택	총무	구현	screens/Dues/DuesMemberEditScreen.tsx
DUE-3-PAGE-03-0	모임원 상세	전체	구현	screens/Member/MemberDetailScreen.tsx
DUE-3-PAGE-04-0	회비 요청 작성	총무	구현	screens/Dues/DuesRequestScreen.tsx
DUE-3-PAGE-06-0	회비 수정	총무	구현	screens/Dues/DuesEditScreen.tsx
DUE-3-SHEET-02-0	모임원 추가 선택	전체	구현	screens/Member/MemberAddSheet.tsx
DUE-3-SNACKBAR-01-0	입금 확인 [대조 상대 없음]	-	구현	screens/Dues/DuesDetailScreen.tsx
DUE-3-SNACKBAR-02-0	입금 취소 [대조 상대 없음]	-	구현	screens/Dues/DuesDetailScreen.tsx
DUE-4-MODAL-01-0	모임원 삭제	전체	구현	screens/Member/MemberDetailScreen.tsx
DUE-4-MODAL-02-0	회비수정_이탈	총무	구현	screens/Dues/DuesEditScreen.tsx
DUE-4-PAGE-01-0	모임원 추가_개별	전체	구현	screens/Member/MemberAddIndividualScreen.tsx
DUE-4-PAGE-02-0	모임원 추가_일괄	전체	구현	screens/Member/MemberAddBulkScreen.tsx
DUE-4-PAGE-03-0	모임원 수정	전체	구현	screens/Member/MemberEditScreen.tsx
DUE-4-PAGE-04-0	개인 납부 내역	전체	구현	screens/Member/MemberPaymentHistoryScreen.tsx
DUE-4-SNACKBAR-01-0	회비 생성 완료 [대조 상대 없음]	총무	구현	screens/Dues/DuesCreateScreen.tsx
DUE-4-SNACKBAR-02-0	회비 마감 완료	총무	구현	screens/Dues/DuesScreen.tsx
DUE-4-SNACKBAR-03-0	회비 삭제 완료	총무	구현	screens/Dues/DuesScreen.tsx
DUE-4-SNACKBAR-04-0	회비 수정 완료	총무	구현	screens/Dues/DuesEditScreen.tsx
DUE-5-PAGE-01-0	태그 입력	-	구현	screens/Member/MemberAddIndividualScreen.tsx
DUE-5-SNACKBAR-01-0	모임원 추가_일괄 완료 [대조 상대 없음]	-	구현	screens/Member/MemberAddBulkScreen.tsx
DUE-5-SNACKBAR-02-0	모임원 삭제 완료	-	구현	screens/Member/MemberDetailScreen.tsx
ETC-2-PAGE-01-0	전체 모임 관리	전체	구현	screens/GroupManager/AllGroupsScreen.tsx
ETC-2-PAGE-02-0	모임 관리	전체	구현	screens/GroupManager/GroupManageScreen.tsx
ETC-2-PAGE-03-0	모임 관리자	전체	구현	screens/GroupManager/GroupManagerScreen.tsx
ETC-2-PAGE-04-0	보고서 리스트	전체/총무	구현	screens/Report/ReportMainScreen.tsx
ETC-2-PAGE-05-0	증빙자료 앨범	전체/총무	구현	screens/Receipt/ReceiptAlbumScreen.tsx
ETC-2-PAGE-06-0	보관함	전체	구현	screens/Archive/ArchiveListScreen.tsx
ETC-2-PAGE-07-0	통계/분석	전체	구현	screens/Statistics/StatisticsScreen.tsx
ETC-2-PAGE-09-0	더보기_설정	전체	구현	screens/More/SettingScreen.tsx
ETC-3-MODAL-01-0	모임 나가기(일반)	일반	구현	screens/GroupManager/MemberProfileSheet.tsx L223
ETC-3-MODAL-01-1	모임 나가기(총무)	일반	구현	screens/GroupManager/MemberProfileSheet.tsx L232
ETC-3-MODAL-02-0	모임 삭제하기	총무	구현	screens/GroupManager/GroupManageScreen.tsx
ETC-3-MODAL-03-0	보관함 기록 삭제	전체	구현	screens/Archive/ArchiveListScreen.tsx
ETC-3-MODAL-04-0	기록 제목 변경	전체	구현	screens/Archive/ArchiveListScreen.tsx
ETC-3-PAGE-01-0	모임 프로필 변경	전체	구현	screens/GroupManager/GroupProfileEditScreen.tsx
ETC-3-PAGE-02-0	장부별 보고서 상세(전체)	전체	구현	screens/Report/ReportByLedgerDetailScreen.tsx
ETC-3-PAGE-02-1	장부별 보고서 상세(수입/지출) [대조 상대 없음]	전체	구현	screens/Report/ReportByLedgerDetailScreen.tsx
ETC-3-PAGE-03-0	기간별 보고서 상세 / 기간별 보고서 상세(전체)	전체	구현	screens/Report/ReportByPeriodDetailScreen.tsx
ETC-3-PAGE-03-1	기간별 보고서 상세(수입/지출) [대조 상대 없음]	전체	구현	screens/Report/ReportByPeriodDetailScreen.tsx
ETC-3-PAGE-04-0	증빙자료 상세	전체	구현	screens/Receipt/ReceiptDetailScreen.tsx
ETC-3-PAGE-05-0	증빙자료 검색	전체	구현	screens/Receipt/ReceiptSearchScreen.tsx
ETC-3-PAGE-08-0	알림 설정_일반 / 알림 설정_총무	일반/총무	구현	screens/More/NotificationSettingsScreen.tsx
ETC-3-PAGE-09-0	공지사항	전체	구현	screens/More/NoticeListScreen.tsx
ETC-3-PAGE-10-0	문의하기	전체	구현	screens/More/InquiryScreen.tsx
ETC-3-PAGE-11-0	약관 및 개인정보 처리방침 [ID 확정 후 대조 가능 — §5-4]	전체	구현	screens/More/TermsScreen.tsx
ETC-3-SHEET-01-0	모임 추가	전체	구현	screens/GroupManager/AddGroupSheet.tsx
ETC-3-SHEET-03-0	총무 프로필	총무	구현	screens/GroupManager/MemberProfileSheet.tsx
ETC-3-SHEET-04-0	일반 프로필 [ID 확정 후 대조 가능 — §5-4]	총무	구현	screens/GroupManager/MemberProfileSheet.tsx
ETC-3-SHEET-05-0	새 보고서 생성	총무	구현	screens/Report/ReportCreateSheet.tsx
ETC-3-SHEET-06-0	증빙자료 필터링 [대조 상대 없음]	전체	구현	screens/Receipt/ReceiptFilterSheet.tsx
ETC-3-SNACKBAR-01-0	초대 코드 복사완료	-	구현	screens/GroupManager/GroupManagerScreen.tsx
ETC-4-MODAL-01-0	일반 전환하기	총무	구현	screens/GroupManager/MemberProfileSheet.tsx L205
ETC-4-MODAL-02-0	총무 전환하기	총무	구현	screens/GroupManager/MemberProfileSheet.tsx L196
ETC-4-MODAL-03-0	모임 내보내기	총무	구현	screens/GroupManager/MemberProfileSheet.tsx
ETC-4-MODAL-04-0	로그아웃	전체	구현	screens/More/MyProfileScreen.tsx
ETC-4-PAGE-01-0	새 모임 생성	전체	구현	screens/GroupManager/GroupCreateScreen.tsx
ETC-4-PAGE-03-0	장부별 보고서 생성	총무	구현	screens/Report/ReportCreateByLedgerScreen.tsx
ETC-4-PAGE-04-0	기간별 보고서 생성	총무	구현	screens/Report/ReportCreateByPeriodScreen.tsx
ETC-4-PAGE-05-0-archive	보관함_장부 상세 (ETC-4-PAGE-05-0과 공유 ID, 2026-09-12 추가)	전체	구현	screens/Archive/ArchiveLedgerEntriesScreen.tsx
ETC-4-PAGE-05-1	보고서_장부 상세(수입/지출) [대조 상대 없음]	전체	구현	screens/Report/ReportLedgerEntriesScreen.tsx
ETC-4-PAGE-07-1	보고서_시간순(수입/지출) [대조 상대 없음]	전체	구현	screens/Report/ReportPeriodEntriesScreen.tsx
ETC-5-PAGE-02-0-archive	보관함_내역 상세 (ETC-5-PAGE-02-0과 공유 ID, 2026-09-12 추가)	전체	구현	screens/Archive/ArchiveEntryDetailScreen.tsx
ETC-4-PAGE-15-0	프로필 변경	전체	구현	screens/More/ProfileEditScreen.tsx
ETC-4-SHEET-02-0	프로필 변경_사진 변경	전체	구현	screens/More/ProfileEditScreen.tsx
ETC-4-SHEET-01-0	모임 참여 [ID 확정 후 대조 가능 — §5-4]	전체	구현	screens/GroupManager/JoinGroupSheet.tsx
ETC-4-SNACKBAR-01-0	보관함 기록 삭제 완료	총무	구현	screens/Archive/ArchiveListScreen.tsx
ETC-4-SNACKBAR-02-0	기록 제목 변경 완료 [대조 상대 없음]	총무	구현	screens/Archive/ArchiveListScreen.tsx
ETC-4-SNACKBAR-04-0	모임 삭제 완료	총무	구현	screens/GroupManager/AllGroupsScreen.tsx
ETC-5-MODAL-01-0	보고서_이탈방지 [대조 상대 없음]	총무	구현	screens/Report/ReportCreateByLedgerScreen.tsx
ETC-5-PAGE-01-0	보고서_장부 선택	총무	구현	screens/Report/ReportLedgerSelectScreen.tsx
ETC-5-SNACKBAR-02-0	모임 내보내기 완료	-	구현	screens/GroupManager/GroupManagerScreen.tsx
ETC-5-SNACKBAR-03-0	모임 참여 완료	-	구현	screens/GroupManager/AllGroupsScreen.tsx
ETC-5-SNACKBAR-04-0	모임 생성 완료 [대조 상대 없음]	-	구현	screens/GroupManager/GroupCreateScreen.tsx L78
ETC-5-SNACKBAR-05-0	모임 전환 완료	-	구현	screens/More/MoreScreen.tsx
ETC-5-SNACKBAR-06-0	프로필 변경 완료	-	구현	screens/More/MyProfileScreen.tsx
ETC-5-SNACKBAR-07-0	비밀번호 변경 완료 [대조 상대 없음]	-	구현	screens/More/MyProfileScreen.tsx
ETC-5-SNACKBAR-08-0	보고서_생성완료 [대조 상대 없음]	총무	구현	screens/Report/ReportCreateByLedgerScreen.tsx
ADD-1-PAGE-01-0	내역 추가	-	구현	screens/Transactions/TransactionRegisterScreen.tsx
ADD-2-SHEET-01-0	내역명 입력	-	구현	screens/Transactions/TransactionTextInputSheet.tsx
ADD-2-SHEET-02-0	담당자 선택	-	구현	screens/Transactions/TransactionSingleSelectSheet.tsx
ADD-2-SHEET-03-0	장부 단일 선택	총무	구현	screens/Transactions/TransactionSingleSelectSheet.tsx
ADD-2-SHEET-04-0	메모 입력	-	구현	screens/Transactions/TransactionTextInputSheet.tsx
ADD-2-SHEET-05-0	증빙자료 등록	-	구현	screens/Transactions/TransactionAttachMenuSheet.tsx
ADD-2-SHEET-06-0	금액 입력	-	구현	screens/Transactions/TransactionAmountSheet.tsx
ADD-2-SHEET-07-0	일자 선택 캘린더	-	구현	screens/Transactions/TransactionDateSheet.tsx
ADD-2-SNACKBAR-01-0	내역 추가 완료 [대조 상대 없음]	-	구현	screens/Transactions/TransactionRegisterScreen.tsx
ADD-4-PAGE-01-1	영수증 스캔 실패	-	구현	screens/Transactions/ReceiptScanFailedView.tsx
ADD-5-MODAL-01-0	스캔 내용 반영 확인 모달	-	구현	screens/Transactions/TransactionRegisterScreen.tsx L498
