ScreenID	specSheetPath	확인방법	비고
DUE-3-PAGE-04-0	화면명세서\DUE\납부관리_납부요청.png	헤더확인	회비 상세_납부 요청
DUE-1-PAGE-01-0	화면명세서\DUE\납부관리_메인.png	헤더확인	납부관리 메인화면
DUE-2-PAGE-01-0	화면명세서\DUE\납부관리_메인_새회비생성.png	헤더확인	새 회비 생성
DTB-3-SHEET-01-0	화면명세서\DUE\납부관리_메인_새회비생성_기간선택.png	헤더확인	새 회비 생성_기간 선택 (DTB와 공유)
DUE-3-PAGE-01-0	화면명세서\DUE\납부관리_메인_새회비생성_모임원선택.png	헤더확인	새 회비 생성_모임원 선택
ADD-2-SHEET-03-0	화면명세서\DUE\납부관리_메인_새회비생성_장부선택.png	헤더확인	새 회비 생성_장부 선택 (ADD와 공유)
DUE-2-PAGE-03-0	화면명세서\DUE\납부관리_회비상세.png	헤더확인	회비 상세
DUE-3-MODAL-02-0	화면명세서\DUE\납부관리_회비상세_마감.png	헤더확인	회비 마감 (+DUE-4-SNACKBAR-02-0)
DUE-2-PAGE-03-1	화면명세서\DUE\납부관리_회비상세_마감된회비.png	헤더확인	마감된 회비 (작성일 2026.08.16)
DUE-3-MODAL-01-0	화면명세서\DUE\납부관리_회비상세_삭제.png	헤더확인	회비 삭제 (+DUE-4-SNACKBAR-03-0)
DUE-3-PAGE-06-0	화면명세서\DUE\납부관리_회비상세_수정.png	헤더확인	회비 수정 (+DUE-4-MODAL-02-0)
DTB-3-SHEET-02-0	화면명세서\DUE\납부관리_회비상세_수정_기간선택.png	헤더확인	회비 수정_기간 선택 — IA상 02-0은 "장부 복수 선택", 명세서 표기와 충돌(§5-4)
DUE-3-PAGE-02-0	화면명세서\DUE\납부관리_회비상세_수정_모임원선택.png	헤더확인	회비 수정_모임원 선택 (+DUE-4-MODAL-02-0)
ADD-2-SHEET-03-0	화면명세서\DUE\납부관리_회비상세_수정_장부선택.png	헤더확인	회비 수정_장부 선택 (ADD와 공유)
DUE-2-PAGE-03-1	화면명세서\DUE\납부관리_회비상세_예정된회비.png	헤더확인	예정된 회비 — 마감된회비와 같은 ID(상태 변형 2종)
DTB-2-PAGE-01-0	화면명세서\내역\내역_검색.png	헤더확인	내역 검색
DTB-1-PAGE-01-0	화면명세서\내역\내역_메인화면.png	헤더확인	내역 메인화면
DTB-3-PAGE-02-0	화면명세서\내역\내역_상세내역수정.png	헤더확인	상세 내역_수정
DTB-2-PAGE-02-0	화면명세서\내역\내역_상세내역조회.png	헤더확인	상세 내역_조회
DTB-3-MODAL-01-0	화면명세서\내역\내역_상세내역조회_삭제.png	헤더확인	상세 내역_삭제
DTB-2-SHEET-01-0	화면명세서\내역\내역_필터링.png	헤더확인	내역_필터 선택
DTB-3-SHEET-01-0	화면명세서\내역\내역_필터링_기간선택.png	헤더확인	필터 선택_기간 선택 (DUE와 공유)
DSH-1-PAGE-01-0	화면명세서\대시보드\대시보드_메인화면.png	헤더확인	대시보드 메인화면 (작성인 이정현)
DSH-2-PAGE-01-0	화면명세서\대시보드\대시보드_알림내역.png	헤더확인	알림 내역
DSH-2-PAGE-03-0	화면명세서\대시보드\대시보드_캘린더.png	헤더확인	캘린더 전체보기 (내역 캘린더 뷰) — §2의 "시안 0장"은 오류
ADD-1-PAGE-01-0	화면명세서\FAB_내역추가\내역_내역추가.png	헤더확인	내역 추가 메인화면
ADD-2-SHEET-07-0	화면명세서\FAB_내역추가\내역_내역추가_상세정보-1.png	헤더확인	수입일/지출일 변경
ADD-2-SHEET-06-0	화면명세서\FAB_내역추가\내역_내역추가_상세정보-2.png	헤더확인	금액 입력
ADD-2-SHEET-04-0	화면명세서\FAB_내역추가\내역_내역추가_상세정보-3.png	헤더확인	메모 작성
ADD-2-SHEET-03-0	화면명세서\FAB_내역추가\내역_내역추가_상세정보-4.png	헤더확인	장부 선택
ADD-2-SHEET-02-0	화면명세서\FAB_내역추가\내역_내역추가_상세정보-5.png	헤더확인	담당자 선택
ADD-2-SHEET-01-0	화면명세서\FAB_내역추가\내역_내역추가_상세정보.png	헤더확인	내역명 입력
ADD-2-SHEET-05-0	화면명세서\FAB_내역추가\내역_내역추가_증빙자료-2.png	헤더확인	증빙 자료 추가
ADD-3-PAGE-01-0	화면명세서\FAB_내역추가\내역_내역추가_증빙자료_영수증스캔.png	헤더확인	영수증 스캔 (+ADD-4-SNACKBAR-02-0). UI요소 2번이 "카메라 촬영 & 컨트롤러"
ADD-1-PAGE-01-0	화면명세서\FAB_내역추가\일반회원_내역_내역추가.png	헤더확인	일반 회원 내역 추가 메인화면(권한 변형)
FDR-2-MODAL-02-0	화면명세서\폴더\폴더_기록.png	헤더확인	폴더 기록(전체 백업) (+FDR-3-SNACKBAR-02-0)
FDR-2-PAGE-02-0	화면명세서\폴더\폴더_메뉴_예산설정.png	헤더확인	예산 설정
FDR-3-SHEET-01-0	화면명세서\폴더\폴더_메뉴_장부예산설정_금액기입.png	헤더확인	예산 설정_장부 예산 설정
FDR-1-PAGE-01-0	화면명세서\폴더\폴더_메인화면.png	헤더확인	폴더 메인화면
FDR-2-PAGE-05-0	화면명세서\폴더\폴더_장부상세.png	헤더확인	장부 상세
FDR-3-PAGE-02-0	화면명세서\폴더\폴더_장부상세_검색.png	헤더확인	장부 내 검색
FDR-3-MODAL-04-0	화면명세서\폴더\폴더_장부상세_삭제하기.png	헤더확인	장부 삭제 (+FDR-4-SNACKBAR-02-0)
FDR-3-MODAL-03-0	화면명세서\폴더\폴더_장부상세_이름변경하기.png	헤더확인	장부 이름 변경 (+COM-1-SNACKBAR-02-0)
FDR-3-SHEET-03-0	화면명세서\폴더\폴더_장부상세_필터링.png	헤더확인	장부 상세_필터 선택
FDR-3-PAGE-03-0	화면명세서\폴더\폴더_장부생성.png	헤더확인	새 장부 생성
FDR-3-SHEET-01-0	화면명세서\폴더\폴더_장부예산설정_금액기입.png	헤더확인	장부 상세_장부 예산 설정 — 위 파일과 같은 ID
FDR-2-PAGE-04-0	화면명세서\폴더\폴더_폴더상세.png	헤더확인	폴더 상세
FDR-3-MODAL-01-0	화면명세서\폴더\폴더_폴더상세_메뉴_이름변경하기.png	헤더확인	폴더 이름 변경 (+COM-1-SNACKBAR-02-0)
FDR-3-MODAL-02-0	화면명세서\폴더\폴더_폴더상세_메뉴_해제하기.png	헤더확인	폴더 해제 (+FDR-4-SNACKBAR-01-0)
FDR-3-MODAL-05-0	화면명세서\폴더\폴더_폴더생성.png	헤더확인	새 폴더 생성 (+FDR-3-SNACKBAR-01-0)
FDR-2-PAGE-01-0	화면명세서\폴더\폴더_메뉴_폴더\장부선택이동.png	헤더확인	폴더/장부 선택 이동
FDR-3-PAGE-01-0	화면명세서\폴더\폴더_메뉴_폴더\장부선택이동_폴더선택.png	헤더확인	폴더/장부 선택 이동_폴더 선택
FDR-2-SHEET-01-0	화면명세서\폴더\폴더_새폴더\새장부생성.png	헤더확인	새 폴더 및 장부 생성
ETC-2-PAGE-07-0	화면명세서\폴더\폴더_통계\분석.png	헤더확인	폴더/장부 통계·분석
ETC-2-PAGE-07-0	화면명세서\더보기\통계분석.png	헤더확인	폴더/장부 통계·분석 — 위 파일과 같은 ID
COM-3-PAGE-02-0	화면명세서\회원가입&로그인\회원가입\SNS 간편 회원가입_가입 정보 입력.png	헤더확인	간편 가입 정보 입력
COM-1-PAGE-01-0	화면명세서\회원가입&로그인\회원가입\로그인_메인화면.png	헤더확인	로그인
COM-2-PAGE-02-0	화면명세서\회원가입&로그인\회원가입\로그인_비밀번호_재설정.png	헤더확인	비밀번호 재설정 (작성일 2026.08.20)
COM-3-PAGE-03-0	화면명세서\회원가입&로그인\회원가입\일반 회원가입_가입 정보 입력.png	헤더확인	가입 정보 입력
COM-4-PAGE-01-0	화면명세서\회원가입&로그인\회원가입\일반 회원가입_이메일 인증.png	헤더확인	이메일 인증
COM-2-PAGE-01-0	화면명세서\회원가입&로그인\회원가입\회원가입_약관동의.png	헤더확인	약관동의
COM-2-PAGE-01-0	화면명세서\회원가입&로그인\회원가입\회원가입_약관상세.png	헤더확인	약관상세 — 약관동의와 같은 ID
COM-5-PAGE-01-0	화면명세서\회원가입&로그인\회원가입\회원가입_완료.png	헤더확인	가입 완료
ETC-2-PAGE-06-0	화면명세서\더보기\기록보관\더보기_기록보관.png	헤더확인	기록 보관
ETC-3-MODAL-03-0	화면명세서\더보기\기록보관\더보기_기록보관_기록보관삭제.png	헤더확인	기록 보관_삭제 (+ETC-4-SNACKBAR-01-0)
ETC-3-MODAL-04-0	화면명세서\더보기\기록보관\더보기_기록보관_보관제목변경.png	헤더확인	기록 보관_제목 변경 (+COM-1-SNACKBAR-02-0)
ETC-3-PAGE-03-0	화면명세서\더보기\기록보관\더보기_기록보관_상세보기.png	헤더확인	보관함 기록 보기 — 보고서 쪽 03-0과 ID 공유(의도)
ETC-4-MODAL-04-0	화면명세서\더보기\로그아웃&탈퇴하기\글로벌설정_내프로필_로그아웃.png	헤더확인	로그아웃
COM-1-PAGE-02-0	화면명세서\더보기\로그아웃&탈퇴하기\글로벌설정_내프로필_탈퇴하기.png	헤더확인	탈퇴하기(안내사항)
COM-2-PAGE-04-0	화면명세서\더보기\로그아웃&탈퇴하기\내프로필_탈퇴하기_권한이전.png	헤더확인	탈퇴하기_권한 이전
COM-2-PAGE-05-0	화면명세서\더보기\로그아웃&탈퇴하기\내프로필_탈퇴하기_권한이전_사유선택.png	헤더확인	탈퇴하기_사유선택
COM-3-MODAL-01-0	화면명세서\더보기\로그아웃&탈퇴하기\내프로필_탈퇴하기_권한이전_사유선택_탈퇴하기.png	헤더확인	탈퇴 최종 확인
ETC-1-PAGE-01-0	화면명세서\더보기\메인\더보기_메인.png	헤더확인	더보기 메인화면
ETC-2-PAGE-01-0	화면명세서\더보기\메인\더보기_모임전환_전체모임관리.png	헤더확인	전체 모임 관리
ETC-3-SHEET-01-0	화면명세서\더보기\메인\전체모임관리_모임추가.png	헤더확인	모임 추가하기
ETC-4-PAGE-01-0	화면명세서\더보기\메인\전체모임관리_모임추가_새모임생성하기.png	헤더확인	새 모임 생성
ETC-4-MODAL-05-0	화면명세서\더보기\메인\전체모임관리_모임추가_코드로참여하기.png	헤더확인	코드로 참여 (+ETC-5-SNACKBAR-03-0) — IA의 ETC-4-SHEET-01-0과 불일치 가능
ETC-3-MODAL-01-0	화면명세서\더보기\모임 나가기\더보기_모임관리_모임나가기.png	헤더확인	모임 나가기 (+ETC-4-SNACKBAR-03-0)
ETC-3-MODAL-02-0	화면명세서\더보기\모임 나가기\더보기_모임관리_모임삭제하기.png	헤더확인	모임 삭제
ETC-2-PAGE-02-0	화면명세서\더보기\모임관리\더보기_모임관리.png	헤더확인	모임 관리
DUE-2-PAGE-02-0	화면명세서\더보기\모임관리\더보기_모임관리_모임원관리.png	헤더확인	모임원 관리
DUE-3-PAGE-03-0	화면명세서\더보기\모임관리\더보기_모임관리_모임원관리_모임원상세.png	헤더확인	모임원 상세_조회
DUE-3-SHEET-02-0	화면명세서\더보기\모임관리\더보기_모임관리_모임원관리_모임원추가.png	헤더확인	모임원 추가
ETC-3-PAGE-01-0	화면명세서\더보기\모임관리\더보기_모임관리_모임프로필변경.png	헤더확인	모임 프로필 변경
DUE-4-MODAL-01-0	화면명세서\더보기\모임관리\모임원삭제-1.png	헤더확인	모임원 조회_삭제 (+DUE-5-SNACKBAR-02-0)
DUE-2-PAGE-02-0	화면명세서\더보기\모임관리\모임원삭제.png	헤더확인	모임원 삭제 — 모임원관리와 같은 ID(상태 변형)
DUE-4-PAGE-04-0	화면명세서\더보기\모임관리\모임원조회_모임원_납부내역.png	헤더확인	모임원 상세_납부 내역
DUE-4-PAGE-03-0	화면명세서\더보기\모임관리\모임원조회_모임원수정.png	헤더확인	모임원 상세_수정 (+COM-1-SNACKBAR-02-0)
DUE-4-PAGE-01-0	화면명세서\더보기\모임관리\모임원추가_개별추가.png	헤더확인	모임원 추가_개별 추가
DUE-5-PAGE-01-0	화면명세서\더보기\모임관리\모임원추가_개별추가_태그.png	헤더확인	개별 추가_태그 입력
DUE-4-PAGE-02-0	화면명세서\더보기\모임관리\모임원추가_일괄추가.png	헤더확인	모임원 추가_일괄 추가
ETC-2-PAGE-03-0	화면명세서\더보기\모임관리자\더보기_모임관리자.png	헤더확인	모임 관리자 (+ETC-3-SNACKBAR-01-0)
ETC-3-SHEET-03-0	화면명세서\더보기\모임관리자\더보기_모임관리자_모임관리자_내프로필.png	헤더확인	모임 관리자_내 프로필
ETC-3-SHEET-03-0	화면명세서\더보기\모임관리자\더보기_모임관리자_모임관리자프로필.png	헤더확인	모임 관리자_프로필 — 위와 같은 ID. IA의 ETC-3-SHEET-04-0과 불일치 가능
ETC-4-MODAL-01-0	화면명세서\더보기\모임관리자\더보기_모임관리자_모임관리자프로필_권한전환.png	헤더확인	총무/일반 전환 (+ETC-5-SNACKBAR-01-0)
ETC-4-MODAL-03-0	화면명세서\더보기\모임관리자\더보기_모임관리자_모임관리자프로필_모임내보내기.png	헤더확인	모임 내보내기 (+ETC-5-SNACKBAR-02-0)
ETC-4-PAGE-18-0	화면명세서\더보기\설정\고객및지원정보_공지사항_상세.png	헤더확인	공지사항 상세
ETC-3-PAGE-09-0	화면명세서\더보기\설정\글로벌설정_고객및지원정보_공지사항.png	헤더확인	공지사항
ETC-3-PAGE-10-0	화면명세서\더보기\설정\글로벌설정_고객및지원정보_문의하기.png	헤더확인	문의하기
ETC-3-PAGE-07-0	화면명세서\더보기\설정\글로벌설정_내프로필.png	헤더확인	내 프로필
ETC-4-SHEET-02-0	화면명세서\더보기\설정\글로벌설정_내프로필_프로필변경-1.png	헤더확인	프로필 변경_사진 변경
ETC-4-PAGE-15-0	화면명세서\더보기\설정\글로벌설정_내프로필_프로필변경.png	헤더확인	프로필 변경 — 표 3번 [데이터]가 "닉네임"을 명시(목업 그림은 "이름", 표가 우선)
ETC-4-PAGE-17-0	화면명세서\더보기\설정\글로벌설정_내프로필_프로필변경_비밀번호변경.png	헤더확인	비밀번호 변경
ETC-7-PAGE-01-0	화면명세서\더보기\설정\글로벌설정_내프로필_프로필변경_사진촬영-1.png	헤더확인	사진 편집 — IA에 없는 신규 ID(depth 7)
ETC-7-PAGE-01-0	화면명세서\더보기\설정\글로벌설정_내프로필_프로필변경_사진촬영-2.png	헤더확인	사진 편집 — 위와 같은 ID
ETC-3-PAGE-08-0	화면명세서\더보기\설정\글로벌설정_알림설정.png	헤더확인	알림 설정 (일반/총무 분기)
ETC-2-PAGE-09-0	화면명세서\더보기\설정\더보기_글로벌설정.png	헤더확인	글로벌 설정
ETC-2-PAGE-04-0	화면명세서\더보기\보고서생성\더보기_보고서생성.png	헤더확인	보고서 생성 메인
ETC-3-SHEET-05-0	화면명세서\더보기\보고서생성\더보기_보고서생성하기.png	헤더확인	보고서 생성하기 시트
ETC-4-PAGE-03-0	화면명세서\더보기\보고서생성\더보기_보고서생성하기_장부별.png	헤더확인	장부별 생성
ETC-5-PAGE-01-0	화면명세서\더보기\보고서생성\더보기_보고서생성하기_장부별_장부선택.png	헤더확인	장부 선택
ETC-4-PAGE-04-0	화면명세서\더보기\보고서생성\더보기_보고서생성하기_기간별.png	헤더확인	기간별 생성
DTB-3-SHEET-01-0	화면명세서\더보기\보고서생성\더보기_보고서생성하기_기간별_기간선택.png	헤더확인	기간 선택 — 디자인 완료(최신본), 좌측 버튼 "취소"
ETC-3-PAGE-02-0	화면명세서\더보기\보고서생성\더보기_보고서생성_장부보고서조회.png	헤더확인	장부별 보고서 조회
ETC-4-PAGE-05-0	화면명세서\더보기\보고서생성\더보기_보고서생성_장부보고서조회-1.png	헤더확인	장부별 보고서 조회_장부 상세
ETC-4-PAGE-07-0	화면명세서\더보기\보고서생성\더보기_보고서생성_기간보고서조회.png	헤더확인	보고서_시간순 — 헤더엔 ETC-4-PAGE-05-0으로 오기, IA 171행 기준 07-0 확정(§5-4)
ETC-3-PAGE-03-0	화면명세서\더보기\보고서생성\더보기_보고서생성_기간보고서조회-1.png	헤더확인	기간별 보고서 조회 — 파일명 -1 규칙이 장부 쪽과 반대(§5-4)
ETC-2-PAGE-05-0	화면명세서\더보기\증빙자료\더보기_증빙자료앨범.png	헤더확인	증빙자료 앨범
ETC-3-PAGE-05-0	화면명세서\더보기\증빙자료\더보기_증빙자료앨범_검색.png	헤더확인	앨범 내 검색
ETC-3-PAGE-04-0	화면명세서\더보기\증빙자료\더보기_증빙자료앨범_자료상세.png	헤더확인	증빙자료 상세
(ID없음)	화면명세서\내역\내역_상세내역조회_납부관리수입내역.png	헤더확인	Screen ID 칸이 "--". 페이지명 "상세 내역_납부관리_수입내역"(2026.07.30). DTB-2-PAGE-02-0의 변형 추정
(ID없음)	화면명세서\내역\내역_상세내역조회_승인요청내역.png	헤더확인	Screen ID 칸이 "--". 페이지명 "상세 내역_승인 요청 내역"(2026.07.30). DTB-2-PAGE-03-0 후보 — §2의 "시안 0장"은 오류일 가능성
(ID없음)	화면명세서\더보기\설정\글로벌설정_고객및지원정보_이용약관.png	헤더확인	Screen ID 칸이 "스크린아이디" 플레이스홀더. 페이지명 "이용 약관". ETC-3-PAGE-11-0 후보
(ID없음)	화면명세서\더보기\설정\글로벌설정_내프로필_프로필변경_사진촬영.png	헤더확인	Screen ID 칸이 "스크린아이디" 플레이스홀더. 페이지명 "사진 변경_사진 촬영"
(ID없음)	화면명세서\더보기\설정\글로벌설정_내프로필_프로필변경_앨범선택.png	헤더확인	Screen ID 칸이 "스크린아이디" 플레이스홀더. 페이지명 "사진 변경_앨범 선택". ETC-4-PAGE-02-0 후보
DTB-3-SHEET-02-0	화면명세서\내역\내역_필터링_장부 선택.png	헤더확인	2026-09-13 헤더 판독 — 페이지명 "필터 선택_장부 선택"
ETC-4-PAGE-02-0	화면명세서\FAB_내역추가\내역_내역추가_증빙자료.png	헤더확인	2026-09-13 헤더 판독 — 페이지명 "내역 추가_사진 선택", Case A에 ADD-4-SNACKBAR-01-0 내장(+ADD-4-SNACKBAR-01-0)
ADD-3-PAGE-02-0	화면명세서\FAB_내역추가\내역_내역추가_증빙자료-1.png	헤더확인	2026-09-13 헤더 판독 — 페이지명 "내역 추가_사진 촬영", Case A에 COM-1-SNACKBAR-01-0 내장(+COM-1-SNACKBAR-01-0, 기존 반복 오기 패턴과 동일)
(ID없음)	화면명세서\폴더\image 8671.png	해당없음	2026-09-13 확인 — 스펙시트 아님. 헤더 테이블 자체가 없고 "선택 이동/예산 설정/그리드/리스트/전체 백업" 드롭다운 메뉴 UI만 담긴 조각 크롭(14KB) — 다른 스펙시트 안에 들어갈 부분 에셋으로 추정, 독립 Screen ID 없음
(미확인)	화면명세서\폴더\폴더_장부상세_필터링_기간 선택.png	미확인	헤더 미판독 — 2026-09-12 감사 스크립트로 130장 중 TSV에서 유일하게 누락됐던 파일 발견, (미확인)으로 추가
DUE-4-SNACKBAR-02-0	화면명세서\DUE\납부관리_회비상세_마감.png	부모시안내표기	부모: DUE-3-MODAL-02-0
DUE-4-SNACKBAR-03-0	화면명세서\DUE\납부관리_회비상세_삭제.png	부모시안내표기	부모: DUE-3-MODAL-01-0
DUE-4-MODAL-02-0	화면명세서\DUE\납부관리_회비상세_수정.png	부모시안내표기	부모: DUE-3-PAGE-06-0
DUE-4-MODAL-02-0	화면명세서\DUE\납부관리_회비상세_수정_모임원선택.png	부모시안내표기	부모: DUE-3-PAGE-02-0
COM-1-SNACKBAR-02-0	화면명세서\DUE\납부관리_회비상세_수정.png	부모시안내표기	부모: DUE-3-PAGE-06-0 — 2026-09-12 재확인 시 추가 발견(Case A, 처음엔 헤더 띠만 보고 놓침)
DUE-4-SNACKBAR-04-0	화면명세서\DUE\납부관리_회비상세_수정_모임원선택.png	부모시안내표기	부모: DUE-3-PAGE-02-0 — 2026-09-12 재확인 시 추가 발견(Case A)
ADD-4-SNACKBAR-02-0	화면명세서\FAB_내역추가\내역_내역추가_증빙자료_영수증스캔.png	부모시안내표기	부모: ADD-3-PAGE-01-0
ADD-4-PAGE-01-1	화면명세서\FAB_내역추가\내역_내역추가_증빙자료_영수증스캔.png	부모시안내표기	부모: ADD-3-PAGE-01-0 — 2026-09-12 재확인 시 추가 발견(Case B: 영수증 인식 실패)
ADD-5-MODAL-01-0	화면명세서\FAB_내역추가\내역_내역추가_증빙자료_영수증스캔.png	부모시안내표기	부모: ADD-3-PAGE-01-0 — 2026-09-12 재확인 시 추가 발견(Case C: 스캔 내용 불일치)
FDR-3-SNACKBAR-02-0	화면명세서\폴더\폴더_기록.png	부모시안내표기	부모: FDR-2-MODAL-02-0
FDR-4-SNACKBAR-02-0	화면명세서\폴더\폴더_장부상세_삭제하기.png	부모시안내표기	부모: FDR-3-MODAL-04-0
COM-1-SNACKBAR-02-0	화면명세서\폴더\폴더_장부상세_이름변경하기.png	부모시안내표기	부모: FDR-3-MODAL-03-0
COM-1-SNACKBAR-02-0	화면명세서\폴더\폴더_폴더상세_메뉴_이름변경하기.png	부모시안내표기	부모: FDR-3-MODAL-01-0
FDR-4-SNACKBAR-01-0	화면명세서\폴더\폴더_폴더상세_메뉴_해제하기.png	부모시안내표기	부모: FDR-3-MODAL-02-0
FDR-3-SNACKBAR-01-0	화면명세서\폴더\폴더_폴더생성.png	부모시안내표기	부모: FDR-3-MODAL-05-0
ETC-4-SNACKBAR-01-0	화면명세서\더보기\기록보관\더보기_기록보관_기록보관삭제.png	부모시안내표기	부모: ETC-3-MODAL-03-0
COM-1-SNACKBAR-02-0	화면명세서\더보기\기록보관\더보기_기록보관_보관제목변경.png	부모시안내표기	부모: ETC-3-MODAL-04-0
ETC-5-SNACKBAR-03-0	화면명세서\더보기\메인\전체모임관리_모임추가_코드로참여하기.png	부모시안내표기	부모: ETC-4-MODAL-05-0
ETC-4-SNACKBAR-03-0	화면명세서\더보기\모임 나가기\더보기_모임관리_모임나가기.png	부모시안내표기	부모: ETC-3-MODAL-01-0
ETC-3-MODAL-01-1	화면명세서\더보기\모임 나가기\더보기_모임관리_모임나가기.png	부모시안내표기	부모: ETC-3-MODAL-01-0 — 2026-09-12 재확인 시 추가 발견(Case A: 모임의 1인 총무일 경우)
DUE-5-SNACKBAR-02-0	화면명세서\더보기\모임관리\모임원삭제-1.png	부모시안내표기	부모: DUE-4-MODAL-01-0
COM-1-SNACKBAR-02-0	화면명세서\더보기\모임관리\모임원조회_모임원수정.png	부모시안내표기	부모: DUE-4-PAGE-03-0
ETC-3-SNACKBAR-01-0	화면명세서\더보기\모임관리자\더보기_모임관리자.png	부모시안내표기	부모: ETC-2-PAGE-03-0
ETC-5-SNACKBAR-01-0	화면명세서\더보기\모임관리자\더보기_모임관리자_모임관리자프로필_권한전환.png	부모시안내표기	부모: ETC-4-MODAL-01-0
ETC-4-MODAL-02-0	화면명세서\더보기\모임관리자\더보기_모임관리자_모임관리자프로필_권한전환.png	부모시안내표기	부모: ETC-4-MODAL-01-0 — 2026-09-12 재확인 시 추가 발견(Case A: 총무 전환, 반대 방향 예시)
ETC-5-SNACKBAR-02-0	화면명세서\더보기\모임관리자\더보기_모임관리자_모임관리자프로필_모임내보내기.png	부모시안내표기	부모: ETC-4-MODAL-03-0
ETC-3-PAGE-11-0	화면명세서\더보기\설정\글로벌설정_고객및지원정보_이용약관.png	추정-기획확인대기	ID 칸이 "스크린아이디" 플레이스홀더, 페이지명 "이용 약관"으로 추정 — §5-4 확인 대기(design-verification.md)
ETC-3-SHEET-04-0	화면명세서\더보기\모임관리자\더보기_모임관리자_모임관리자프로필.png	추정-기획확인대기	2장 모두 헤더가 ETC-3-SHEET-03-0으로 표기됨(04-0 시안 자체가 안 보임) — §5-4 확인 대기
ETC-4-SHEET-01-0	화면명세서\더보기\메인\전체모임관리_모임추가_코드로참여하기.png	추정-기획확인대기	헤더는 ETC-4-MODAL-05-0로 표기됨(IA만 ETC-4-SHEET-01-0) — §5-4 확인 대기
