group	step	hex
Basic	0	#FFFFFF
Basic	100	#000000
Grey	50	#F9FAFB
Grey	100	#F3F4F6
Grey	200	#E5E7EB
Grey	300	#C1C5CD
Grey	400	#9B9B9B
Grey	500	#6B7280
Grey	600	#4B5563
Grey	700	#374151
Grey	800	#374151
Grey	900	#030712
Navy	50	#E7E8EE
Navy	100	#CFD1DD
Navy	200	#A0A3BC
Navy	300	#70759A
Navy	400	#414779
Navy	500	#111957
Navy	600	#0E1446
Navy	700	#0A0F34
Navy	800	#070A23
Navy	900	#030511
Blue	50	#F0F5FE
Blue	100	#DCE8FB
Blue	200	#C4DAF9
Blue	300	#9BC1F5
Blue	400	#6CA1EE
Blue	500	#4A7FE7
Blue	600	#3562DB
Blue	700	#2C4EC9
Blue	800	#2A41A3
Blue	900	#273A81
Yellow	50	#FFF9EA
Yellow	100	#FFEBBD
Yellow	200	#FFE29D
Yellow	300	#FFD470
Yellow	400	#FFCC55
Yellow	500	#FFBF2A
Yellow	600	#E8AE26
Yellow	700	#B5881E
Yellow	800	#8C6917
Yellow	900	#6B5012
Red	50	#FFEDEC
Red	100	#FDC7C4
Red	200	#FDACA8
Red	300	#FC8680
Red	400	#FB6E67
Red	500	#FA4A41
Red	600	#E4433B
Red	700	#B2352E
Red	800	#8A2924
Red	900	#691F1B
