spec_file	frame_idx	case_label	screen_id	배경색(v5 상단)	판정(v5)	점유율	비고
DUE/납부관리_납부요청.png	0	메인(0)	DUE-3-PAGE-04-0	#F0F5FE	블루	90%	
DUE/납부관리_납부요청.png	1			#F0F5FE	미매핑	100%	상하 다름 — 상단 #F0F5FE / 하단 #E6E6E6
DUE/납부관리_납부요청.png	2			#6A6C70	미매핑	100%	상하 다름 — 상단 #6A6C70 / 하단 #131911
DUE/납부관리_메인.png	0	메인(0)	DUE-1-PAGE-01-0	#F0F5FE	블루	80%	
DUE/납부관리_메인.png	1			#F0F5FE	미매핑	98%	
DUE/납부관리_메인_새회비생성.png	0	메인(0)	DUE-2-PAGE-01-0	#FFFFFF	흰색	84%	
DUE/납부관리_메인_새회비생성.png	1			#FFFFFF	미매핑	100%	
DUE/납부관리_메인_새회비생성.png	2			#707070	미매핑	100%	
DUE/납부관리_메인_새회비생성_기간선택.png	0	메인(0)	DTB-3-SHEET-01-0	#707070	판정 불가(v5 스크림)	87%	상하 다름 — 상단 #707070 / 하단 #FFFFFF
DUE/납부관리_메인_새회비생성_기간선택.png	1			#FFFFFF	미매핑	70%	
DUE/납부관리_메인_새회비생성_모임원선택.png	0	메인	DUE-3-PAGE-01-0	#FFFFFF	흰색	79%	
DUE/납부관리_메인_새회비생성_모임원선택.png	1			#FFFFFF	미매핑	100%	
DUE/납부관리_메인_새회비생성_모임원선택.png	2			#FFFFFF	미매핑	100%	
DUE/납부관리_메인_새회비생성_모임원선택.png	3			#FFFFFF	미매핑	100%	상하 다름 — 상단 #FFFFFF / 하단 #E6E6E6
DUE/납부관리_메인_새회비생성_모임원선택.png	4	Case B 스낵바	DUE-4-SNACKBAR-01-0	#F0F5FE	스낵바 표면=어두움(규칙). 뜬 화면 DUE-1-PAGE-01-0 측정: 블루	98%	
DUE/납부관리_메인_새회비생성_모임원선택.png	5			#707070	미매핑	100%	
DUE/납부관리_메인_새회비생성_장부선택.png	0	메인(0)	ADD-2-SHEET-03-0	#707070	판정 불가(v5 스크림)	95%	상하 다름 — 상단 #707070 / 하단 #FFFFFF
DUE/납부관리_메인_새회비생성_장부선택.png	1			#707070	미매핑	95%	상하 다름 — 상단 #707070 / 하단 #FFFFFF
DUE/납부관리_메인_새회비생성_장부선택.png	2			#707070	미매핑	100%	상하 다름 — 상단 #707070 / 하단 #FFFFFF
DUE/납부관리_회비상세.png	0	메인(0)	DUE-2-PAGE-03-0	#F0F5FE	블루	100%	상하 다름 — 상단 #F0F5FE / 하단 #FFFFFF
DUE/납부관리_회비상세.png	1			#F0F5FE	미매핑	100%	상하 다름 — 상단 #F0F5FE / 하단 #FFFFFF
DUE/납부관리_회비상세.png	2			#F0F5FE	미매핑	100%	상하 다름 — 상단 #F0F5FE / 하단 #FFFFFF
DUE/납부관리_회비상세.png	3			#F0F5FE	미매핑	100%	상하 다름 — 상단 #F0F5FE / 하단 #FFFFFF
DUE/납부관리_회비상세_마감.png	0	메인(모달)	DUE-3-MODAL-02-0	#6A6C70	스크림 — 뒤 화면 측정(요소 표면색 아님, 표면색 규칙 적용, 부모 DUE-2-PAGE-03-0)	100%	
DUE/납부관리_회비상세_마감.png	1	스낵바	DUE-4-SNACKBAR-02-0	#F0F5FE	스낵바 표면=어두움(규칙). 뜬 화면 DUE-1-PAGE-01-0 측정: 블루	98%	
DUE/납부관리_회비상세_마감된회비.png	0	메인(0)	DUE-2-PAGE-03-1	#F0F5FE	블루	87%	상하 다름 — 상단 #F0F5FE / 하단 #FFFFFF
DUE/납부관리_회비상세_마감된회비.png	1			#F0F5FE	미매핑	100%	상하 다름 — 상단 #F0F5FE / 하단 #FFFFFF
DUE/납부관리_회비상세_마감된회비.png	2			#F0F5FE	미매핑	100%	상하 다름 — 상단 #F0F5FE / 하단 #FFFFFF
DUE/납부관리_회비상세_마감된회비.png	3			#F0F5FE	미매핑	100%	상하 다름 — 상단 #F0F5FE / 하단 #FFFFFF
DUE/납부관리_회비상세_삭제.png	0	메인(모달)	DUE-3-MODAL-01-0	#6A6C70	스크림 — 뒤 화면 측정(요소 표면색 아님, 표면색 규칙 적용, 부모 DUE-2-PAGE-03-0)	100%	
DUE/납부관리_회비상세_삭제.png	1	스낵바	DUE-4-SNACKBAR-03-0	#FFFFFF	스낵바 표면=어두움(규칙). 뜬 화면 DUE-1-PAGE-01-0 측정: 흰색	69%	
DUE/납부관리_회비상세_수정.png	0	메인	DUE-3-PAGE-06-0	#FFFFFF	흰색	90%	
DUE/납부관리_회비상세_수정.png	1	이탈 모달	DUE-4-MODAL-02-0	#707070	스크림 — 뒤 화면 측정(요소 표면색 아님, 표면색 규칙 적용, 부모 DUE-3-PAGE-06-0)	100%	
DUE/납부관리_회비상세_수정.png	2	Case A(라벨 COM-1-SNACKBAR-02-0 = 오기)		#F0F5FE	미매핑	100%	상하 다름 — 상단 #F0F5FE / 하단 #FFFFFF
DUE/납부관리_회비상세_수정_기간선택.png	0	메인(0)	DTB-3-SHEET-02-0	#FFFFFF	흰색	69%	
DUE/납부관리_회비상세_수정_모임원선택.png	0	메인	DUE-3-PAGE-02-0	#FFFFFF	흰색	81%	
DUE/납부관리_회비상세_수정_모임원선택.png	1	이탈 모달	DUE-4-MODAL-02-0	#707070	스크림 — 뒤 화면 측정(요소 표면색 아님, 표면색 규칙 적용, 부모 DUE-3-PAGE-02-0)	100%	
DUE/납부관리_회비상세_수정_모임원선택.png	2	Case A	DUE-4-SNACKBAR-04-0	#F0F5FE	스낵바 표면=어두움(규칙). 뜬 화면 DUE-2-PAGE-03-0 측정: 블루	100%	상하 다름 — 상단 #F0F5FE / 하단 #FFFFFF
DUE/납부관리_회비상세_수정_장부선택.png	0	메인(0)	ADD-2-SHEET-03-0	#707070	판정 불가(v5 스크림)	95%	상하 다름 — 상단 #707070 / 하단 #FFFFFF
DUE/납부관리_회비상세_수정_장부선택.png	1			#707070	미매핑	95%	상하 다름 — 상단 #707070 / 하단 #FFFFFF
DUE/납부관리_회비상세_예정된회비.png	0	메인(0)	DUE-2-PAGE-03-1	#F0F5FE	블루	87%	상하 다름 — 상단 #F0F5FE / 하단 #FFFFFF
DUE/납부관리_회비상세_예정된회비.png	1			#F0F5FE	미매핑	100%	상하 다름 — 상단 #F0F5FE / 하단 #FFFFFF
DUE/납부관리_회비상세_예정된회비.png	2			#F0F5FE	미매핑	100%	상하 다름 — 상단 #F0F5FE / 하단 #FFFFFF
DUE/납부관리_회비상세_예정된회비.png	3			#F0F5FE	미매핑	100%	상하 다름 — 상단 #F0F5FE / 하단 #FFFFFF
FAB_내역추가/내역_내역추가.png	0	메인(0)	ADD-1-PAGE-01-0	#FFFFFF	흰색	77%	
FAB_내역추가/내역_내역추가.png	1			#FFFFFF	미매핑	100%	
FAB_내역추가/내역_내역추가.png	2			#FFFFFF	미매핑	100%	
FAB_내역추가/내역_내역추가.png	3			#707070	미매핑	100%	
FAB_내역추가/내역_내역추가.png	4			#F0F5FE	미매핑	100%	상하 다름 — 상단 #F0F5FE / 하단 #FFFFFF
FAB_내역추가/내역_내역추가_상세정보-1.png	0	메인(0)	ADD-2-SHEET-07-0	#707070	판정 불가(v5 스크림)	95%	상하 다름 — 상단 #707070 / 하단 #FFFFFF
FAB_내역추가/내역_내역추가_상세정보-1.png	1			#707070	미매핑	95%	상하 다름 — 상단 #707070 / 하단 #FFFFFF
FAB_내역추가/내역_내역추가_상세정보-2.png	0	메인(0)	ADD-2-SHEET-06-0	#707070	판정 불가(v5 스크림)	86%	상하 다름 — 상단 #707070 / 하단 #D1D1D1
FAB_내역추가/내역_내역추가_상세정보-2.png	1			#707070	미매핑	100%	상하 다름 — 상단 #707070 / 하단 #FFFFFF
FAB_내역추가/내역_내역추가_상세정보-2.png	2			#707070	미매핑	68%	상하 다름 — 상단 #707070 / 하단 #D1D1D1
FAB_내역추가/내역_내역추가_상세정보-3.png	0	메인(0)	ADD-2-SHEET-04-0	#707070	판정 불가(v5 스크림)	85%	상하 다름 — 상단 #707070 / 하단 #E6E6E6
FAB_내역추가/내역_내역추가_상세정보-3.png	1			#707070	미매핑	100%	상하 다름 — 상단 #707070 / 하단 #FFFFFF
FAB_내역추가/내역_내역추가_상세정보-3.png	2			#707070	미매핑	68%	상하 다름 — 상단 #707070 / 하단 #E6E6E6
FAB_내역추가/내역_내역추가_상세정보-4.png	0	메인(0)	ADD-2-SHEET-03-0	#707070	판정 불가(v5 스크림)	95%	상하 다름 — 상단 #707070 / 하단 #FFFFFF
FAB_내역추가/내역_내역추가_상세정보-4.png	1			#707070	미매핑	95%	상하 다름 — 상단 #707070 / 하단 #FFFFFF
FAB_내역추가/내역_내역추가_상세정보-4.png	2			#707070	미매핑	100%	상하 다름 — 상단 #707070 / 하단 #FFFFFF
FAB_내역추가/내역_내역추가_상세정보-5.png	0	메인(0)	ADD-2-SHEET-02-0	#707070	판정 불가(v5 스크림)	100%	상하 다름 — 상단 #707070 / 하단 #FFFFFF
FAB_내역추가/내역_내역추가_상세정보.png	0	메인(0)	ADD-2-SHEET-01-0	#707070	판정 불가(v5 스크림)	86%	상하 다름 — 상단 #707070 / 하단 #E6E6E6
FAB_내역추가/내역_내역추가_상세정보.png	1			#707070	미매핑	100%	상하 다름 — 상단 #707070 / 하단 #FFFFFF
FAB_내역추가/내역_내역추가_상세정보.png	2			#707070	미매핑	68%	상하 다름 — 상단 #707070 / 하단 #E6E6E6
FAB_내역추가/내역_내역추가_증빙자료-2.png	0	메인(0)	ADD-2-SHEET-05-0	#707070	판정 불가(v5 스크림)	100%	상하 다름 — 상단 #707070 / 하단 #FFFFFF
FAB_내역추가/내역_내역추가_증빙자료_영수증스캔.png	0	메인(카메라)	ADD-3-PAGE-01-0	#DEDCDA	판정 불가(v5 기타)	9%	
FAB_내역추가/내역_내역추가_증빙자료_영수증스캔.png	1	스낵바	ADD-4-SNACKBAR-02-0	#FFFFFF	스낵바 표면=어두움(규칙). 뜬 화면 ADD-1-PAGE-01-0 측정: 흰색	88%	
FAB_내역추가/내역_내역추가_증빙자료_영수증스캔.png	2	Case A 영수증 인식 중		#EBEBEB	미매핑	32%	상하 다름 — 상단 #EBEBEB / 하단 #FFFFFF
FAB_내역추가/내역_내역추가_증빙자료_영수증스캔.png	3	Case B	ADD-4-PAGE-01-1	#FFFFFF	흰색	100%	
FAB_내역추가/내역_내역추가_증빙자료_영수증스캔.png	4	Case C	ADD-5-MODAL-01-0	#707070	스크림 — 뒤 화면 측정(요소 표면색 아님, 표면색 규칙 적용, 부모 ADD-1-PAGE-01-0)	100%	
FAB_내역추가/내역_내역추가_증빙자료_영수증스캔.png	5	Case D(라벨 ADD-2-SHEET-05-0, 모달 형태)		#707070	미매핑	100%	
FAB_내역추가/일반회원_내역_내역추가.png	0	메인(0)	ADD-1-PAGE-01-0	#FFFFFF	흰색	77%	
FAB_내역추가/일반회원_내역_내역추가.png	1			#FFFFFF	미매핑	100%	
FAB_내역추가/일반회원_내역_내역추가.png	2			#FFFFFF	미매핑	100%	
FAB_내역추가/일반회원_내역_내역추가.png	3			#707070	미매핑	100%	
FAB_내역추가/일반회원_내역_내역추가.png	4			#F0F5FE	미매핑	100%	상하 다름 — 상단 #F0F5FE / 하단 #FFFFFF
내역/내역_검색.png	0	메인(0)	DTB-2-PAGE-01-0	#FFFFFF	흰색	81%	
내역/내역_메인화면.png	0	메인(0)	DTB-1-PAGE-01-0	#F0F5FE	블루	100%	상하 다름 — 상단 #F0F5FE / 하단 #FFFFFF
내역/내역_메인화면.png	1			#F0F5FE	미매핑	100%	상하 다름 — 상단 #F0F5FE / 하단 #FFFFFF
내역/내역_메인화면.png	2			#FFFFFF	미매핑	88%	
내역/내역_상세내역수정.png	0	메인(0)	DTB-3-PAGE-02-0	#FFFFFF	흰색	81%	
내역/내역_상세내역수정.png	1			#FFFFFF	미매핑	100%	
내역/내역_상세내역수정.png	2			#707070	미매핑	100%	
내역/내역_상세내역수정.png	3			#707070	미매핑	100%	
내역/내역_상세내역수정.png	4			#707070	미매핑	100%	
내역/내역_상세내역조회.png	0	메인(0)	DTB-2-PAGE-02-0	#FFFFFF	흰색	89%	
내역/내역_상세내역조회.png	1			#FFFFFF	미매핑	100%	
내역/내역_상세내역조회.png	2	Case A 사진 썸네일 클릭	DTB-3-PAGE-01-0	#EBEBEB	판정 불가(체커보드 자리표시자)	32%	상하 다름 — 상단 #EBEBEB / 하단 #FFFFFF
내역/내역_상세내역조회_납부관리수입내역.png	0			#FFFFFF	미매핑	80%	
내역/내역_상세내역조회_삭제.png	0	메인(0)	DTB-3-MODAL-01-0	#707070	판정 불가(v5 스크림)	100%	
내역/내역_상세내역조회_삭제.png	1			#F0F5FE	미매핑	100%	상하 다름 — 상단 #F0F5FE / 하단 #FFFFFF
내역/내역_상세내역조회_승인요청내역.png	0			#FFFFFF	미매핑	79%	
내역/내역_상세내역조회_승인요청내역.png	1	Case A 사진 썸네일 클릭	DTB-3-PAGE-01-0	#EBEBEB	판정 불가(체커보드 자리표시자)	32%	상하 다름 — 상단 #EBEBEB / 하단 #FFFFFF
내역/내역_상세내역조회_승인요청내역.png	2	Case B 스낵바(라벨 ADD-2-SNACKBAR-01-0)	ADD-2-SNACKBAR-01-0	#F0F5FE	스낵바 표면=어두움(규칙). 뜬 화면 DTB-1-PAGE-01-0 측정: 블루	100%	상하 다름 — 상단 #F0F5FE / 하단 #FFFFFF
내역/내역_필터링.png	0	메인(0)	DTB-2-SHEET-01-0	#6A6C70	판정 불가(v5 스크림)	52%	상하 다름 — 상단 #6A6C70 / 하단 #FFFFFF
내역/내역_필터링.png	1			#FFFFFF	미매핑	95%	
내역/내역_필터링.png	2			#FFFFFF	미매핑	100%	
내역/내역_필터링_기간선택.png	0	메인(0)	DTB-3-SHEET-01-0	#6A6C70	판정 불가(v5 스크림)	87%	상하 다름 — 상단 #6A6C70 / 하단 #FFFFFF
내역/내역_필터링_기간선택.png	1			#FFFFFF	미매핑	70%	
대시보드/대시보드_메인화면.png	0	메인(0)	DSH-1-PAGE-01-0	#F0F5FE	수동 확인 필요(점유율 22% < 60%, v5 블루)	22%	
대시보드/대시보드_메인화면.png	1			#F0F5FE	미매핑	34%	
대시보드/대시보드_알림내역.png	0	메인(0)	DSH-2-PAGE-01-0	#FFFFFF	흰색	96%	
대시보드/대시보드_알림내역.png	1			#FFFFFF	미매핑	100%	
대시보드/대시보드_캘린더.png	0	메인(0)	DSH-2-PAGE-03-0	#FFFFFF	흰색	96%	
더보기/기록보관/더보기_기록보관.png	0	메인(0)	ETC-2-PAGE-06-0	#F0F5FE	블루	79%	
더보기/기록보관/더보기_기록보관.png	1			#F0F5FE	미매핑	100%	
더보기/기록보관/더보기_기록보관_기록보관삭제.png	0	메인(모달)	ETC-3-MODAL-03-0	#6A6C70	스크림 — 뒤 화면 측정(요소 표면색 아님, 표면색 규칙 적용, 부모 ETC-2-PAGE-06-0)	100%	
더보기/기록보관/더보기_기록보관_기록보관삭제.png	1	스낵바	ETC-4-SNACKBAR-01-0	#F0F5FE	스낵바 표면=어두움(규칙). 뜬 화면 ETC-2-PAGE-06-0 측정: 블루	100%	
더보기/기록보관/더보기_기록보관_보관제목변경.png	0	메인(모달)	ETC-3-MODAL-04-0	#6A6C70	스크림 — 뒤 화면 측정(요소 표면색 아님, 표면색 규칙 적용, 부모 ETC-2-PAGE-06-0)	95%	상하 다름 — 상단 #6A6C70 / 하단 #E6E6E6
더보기/기록보관/더보기_기록보관_보관제목변경.png	1	스낵바(라벨 COM-1-SNACKBAR-02-0 = 오기)		#F0F5FE	미매핑	100%	
더보기/기록보관/더보기_기록보관_상세보기.png	0	메인(0)	ETC-3-PAGE-03-0	#F0F5FE	블루	82%	
더보기/더보기_모임관리_모임원관리.png	0			#FFFFFF	미매핑	91%	
더보기/더보기_모임관리_모임원관리.png	1			#FFFFFF	미매핑	90%	
더보기/더보기_모임관리_모임원관리.png	2			#FFFFFF	미매핑	100%	
더보기/더보기_모임관리_모임원관리.png	3			#FFFFFF	미매핑	100%	상하 다름 — 상단 #FFFFFF / 하단 #E6E6E6
더보기/더보기_모임관리_모임원관리.png	4			#FFFFFF	미매핑	100%	
더보기/더보기_모임관리_모임원관리_모임원상세.png	0			#F0F5FE	미매핑	79%	
더보기/더보기_모임관리_모임원관리_모임원추가.png	0			#707070	미매핑	100%	상하 다름 — 상단 #707070 / 하단 #FFFFFF
더보기/로그아웃&탈퇴하기/글로벌설정_내프로필_로그아웃.png	0	메인(0)	ETC-4-MODAL-04-0	#696B6F	판정 불가(v5 스크림)	40%	
더보기/로그아웃&탈퇴하기/글로벌설정_내프로필_로그아웃.png	1			#FFFFFF	미매핑	100%	
더보기/로그아웃&탈퇴하기/글로벌설정_내프로필_탈퇴하기.png	0	메인(0)	COM-1-PAGE-02-0	#F0F5FE	블루	100%	
더보기/로그아웃&탈퇴하기/내프로필_탈퇴하기_권한이전.png	0	메인(0)	COM-2-PAGE-04-0	#F0F5FE	블루	81%	
더보기/로그아웃&탈퇴하기/내프로필_탈퇴하기_권한이전.png	1			#F0F5FE	미매핑	100%	
더보기/로그아웃&탈퇴하기/내프로필_탈퇴하기_권한이전_사유선택.png	0	메인(0)	COM-2-PAGE-05-0	#F0F5FE	블루	90%	
더보기/로그아웃&탈퇴하기/내프로필_탈퇴하기_권한이전_사유선택.png	1			#F0F5FE	미매핑	100%	
더보기/로그아웃&탈퇴하기/내프로필_탈퇴하기_권한이전_사유선택.png	2			#F0F5FE	미매핑	59%	
더보기/로그아웃&탈퇴하기/내프로필_탈퇴하기_권한이전_사유선택_탈퇴하기.png	0	메인(모달)	COM-3-MODAL-01-0	#6A6C70	스크림 — 뒤 화면 측정(요소 표면색 아님, 표면색 규칙 적용, 부모 COM-2-PAGE-05-0)	100%	
더보기/로그아웃&탈퇴하기/내프로필_탈퇴하기_권한이전_사유선택_탈퇴하기.png	1	이후 화면(로그인)		#FFFFFF	미매핑	100%	
더보기/메인/더보기_메인.png	0	메인(0)	ETC-1-PAGE-01-0	#F0F5FE	블루	90%	
더보기/메인/더보기_메인.png	1			#F0F5FE	미매핑	100%	
더보기/메인/더보기_메인.png	2			#F0F5FE	미매핑	35%	
더보기/메인/더보기_모임전환_전체모임관리.png	0	메인(0)	ETC-2-PAGE-01-0	#F0F5FE	블루	90%	
더보기/메인/전체모임관리_모임추가.png	0	메인(0)	ETC-3-SHEET-01-0	#6A6C70	판정 불가(v5 스크림)	100%	상하 다름 — 상단 #6A6C70 / 하단 #FFFFFF
더보기/메인/전체모임관리_모임추가_새모임생성하기.png	0	메인(0)	ETC-4-PAGE-01-0	#FFFFFF	흰색	90%	
더보기/메인/전체모임관리_모임추가_새모임생성하기.png	1			#FFFFFF	미매핑	100%	상하 다름 — 상단 #FFFFFF / 하단 #E6E6E6
더보기/메인/전체모임관리_모임추가_새모임생성하기.png	2			#F0F5FE	미매핑	34%	
더보기/메인/전체모임관리_모임추가_코드로참여하기.png	0	메인(시트)	ETC-4-MODAL-05-0	#6A6C70	스크림 — 뒤 화면 측정(요소 표면색 아님, 표면색 규칙 적용, 부모 ETC-2-PAGE-01-0)	100%	상하 다름 — 상단 #6A6C70 / 하단 #E6E6E6
더보기/메인/전체모임관리_모임추가_코드로참여하기.png	1	스낵바	ETC-5-SNACKBAR-03-0	#F0F5FE	스낵바 표면=어두움(규칙). 뜬 화면 ETC-1-PAGE-01-0 측정: 블루	100%	
더보기/메인/전체모임관리_모임추가_코드로참여하기.png	2	Case A 참여 실패		#6A6C70	미매핑	93%	상하 다름 — 상단 #6A6C70 / 하단 #E6E6E6
더보기/모임 나가기/더보기_모임관리_모임나가기.png	0	메인(모달)	ETC-3-MODAL-01-0	#696B6F	스크림 — 뒤 화면 측정(요소 표면색 아님, 표면색 규칙 적용, 부모 ETC-2-PAGE-02-0)	40%	
더보기/모임 나가기/더보기_모임관리_모임나가기.png	1	스낵바	ETC-4-SNACKBAR-03-0	#F0F5FE	스낵바 표면=어두움(규칙). 뜬 화면 DSH-1-PAGE-01-0 측정: 블루	35%	
더보기/모임 나가기/더보기_모임관리_모임나가기.png	2	Case A 1인 총무	ETC-3-MODAL-01-1	#696B6F	스크림 — 뒤 화면 측정(요소 표면색 아님, 표면색 규칙 적용, 부모 ETC-2-PAGE-02-0)	39%	
더보기/모임 나가기/더보기_모임관리_모임삭제하기.png	0	메인(0)	ETC-3-MODAL-02-0	#696B6F	판정 불가(v5 스크림)	37%	상하 다름 — 상단 #696B6F / 하단 #E6E6E6
더보기/모임 나가기/더보기_모임관리_모임삭제하기.png	1			#696B6F	미매핑	41%	상하 다름 — 상단 #696B6F / 하단 #E6E6E6
더보기/모임 나가기/더보기_모임관리_모임삭제하기.png	2			#F0F5FE	미매핑	34%	
더보기/모임관리/더보기_모임관리.png	0	메인(0)	ETC-2-PAGE-02-0	#EEF3FD	수동 확인 필요(점유율 19% < 60%, v5 블루)	19%	
더보기/모임관리/더보기_모임관리_모임원관리.png	0	메인(0)	DUE-2-PAGE-02-0	#FFFFFF	흰색	91%	
더보기/모임관리/더보기_모임관리_모임원관리.png	1			#FFFFFF	미매핑	90%	
더보기/모임관리/더보기_모임관리_모임원관리.png	2			#FFFFFF	미매핑	100%	
더보기/모임관리/더보기_모임관리_모임원관리.png	3			#FFFFFF	미매핑	100%	상하 다름 — 상단 #FFFFFF / 하단 #E6E6E6
더보기/모임관리/더보기_모임관리_모임원관리.png	4			#FFFFFF	미매핑	100%	
더보기/모임관리/더보기_모임관리_모임원관리_모임원상세.png	0	메인(0)	DUE-3-PAGE-03-0	#F0F5FE	블루	79%	
더보기/모임관리/더보기_모임관리_모임원관리_모임원추가.png	0	메인(0)	DUE-3-SHEET-02-0	#707070	판정 불가(v5 스크림)	100%	상하 다름 — 상단 #707070 / 하단 #FFFFFF
더보기/모임관리/더보기_모임관리_모임프로필변경.png	0	메인(0)	ETC-3-PAGE-01-0	#FFFFFF	흰색	100%	
더보기/모임관리/모임원삭제-1.png	0	메인(모달)	DUE-4-MODAL-01-0	#6A6C70	스크림 — 뒤 화면 측정(요소 표면색 아님, 표면색 규칙 적용, 부모 DUE-3-PAGE-03-0)	100%	
더보기/모임관리/모임원삭제-1.png	1	스낵바	DUE-5-SNACKBAR-02-0	#FFFFFF	스낵바 표면=어두움(규칙). 뜬 화면 DUE-2-PAGE-02-0 측정: 흰색	100%	
더보기/모임관리/모임원삭제.png	0	메인(0)	DUE-2-PAGE-02-0	#FFFFFF	흰색	80%	
더보기/모임관리/모임원삭제.png	1			#FFFFFF	미매핑	100%	
더보기/모임관리/모임원삭제.png	2			#707070	미매핑	100%	
더보기/모임관리/모임원삭제.png	3			#FFFFFF	미매핑	100%	
더보기/모임관리/모임원조회_모임원_납부내역.png	0	메인(0)	DUE-4-PAGE-04-0	#F0F5FE	블루	75%	상하 다름 — 상단 #F0F5FE / 하단 #FFFFFF
더보기/모임관리/모임원조회_모임원수정.png	0	메인	DUE-4-PAGE-03-0	#FFFFFF	흰색	83%	
더보기/모임관리/모임원조회_모임원수정.png	1	스낵바(라벨 COM-1-SNACKBAR-02-0 = 오기)		#F0F5FE	미매핑	100%	
더보기/모임관리/모임원추가_개별추가.png	0	메인(0)	DUE-4-PAGE-01-0	#FFFFFF	흰색	98%	
더보기/모임관리/모임원추가_개별추가.png	1			#FFFFFF	미매핑	100%	
더보기/모임관리/모임원추가_개별추가.png	2			#FFFFFF	미매핑	100%	
더보기/모임관리/모임원추가_개별추가.png	3			#FFFFFF	미매핑	100%	
더보기/모임관리/모임원추가_개별추가_태그.png	-	메인(프레임 미검출, 육안+픽셀 확인)	DUE-5-PAGE-01-0	#FFFFFF	흰색(수동 확인, x=50..410·430..790 안쪽 스트립)		
더보기/모임관리/모임원추가_일괄추가.png	0	메인(0)	DUE-4-PAGE-02-0	#FFFFFF	흰색	90%	
더보기/모임관리/모임원추가_일괄추가.png	1			#FFFFFF	미매핑	100%	
더보기/모임관리/모임원추가_일괄추가.png	2			#FFFFFF	미매핑	100%	
더보기/모임관리자/더보기_모임관리자.png	0	메인	ETC-2-PAGE-03-0	#F0F5FE	블루	81%	
더보기/모임관리자/더보기_모임관리자.png	1	스낵바	ETC-3-SNACKBAR-01-0	#F0F5FE	스낵바 표면=어두움(규칙). 뜬 화면 ETC-2-PAGE-03-0 측정: 블루	100%	
더보기/모임관리자/더보기_모임관리자_모임관리자_내프로필.png	0	메인(0)	ETC-3-SHEET-03-0	#6A6C70	판정 불가(v5 스크림)	100%	상하 다름 — 상단 #6A6C70 / 하단 #FFFFFF
더보기/모임관리자/더보기_모임관리자_모임관리자_내프로필.png	1			#6A6C70	미매핑	100%	
더보기/모임관리자/더보기_모임관리자_모임관리자_내프로필.png	2			#6A6C70	미매핑	100%	
더보기/모임관리자/더보기_모임관리자_모임관리자프로필.png	0	메인(시트)	ETC-3-SHEET-03-0	#6A6C70	스크림 — 뒤 화면 측정(요소 표면색 아님, 표면색 규칙 적용, 부모 ETC-2-PAGE-03-0)	100%	상하 다름 — 상단 #6A6C70 / 하단 #FFFFFF
더보기/모임관리자/더보기_모임관리자_모임관리자프로필.png	1	Case A	ETC-3-SHEET-04-0	#6A6C70	스크림 — 뒤 화면 측정(요소 표면색 아님, 표면색 규칙 적용, 부모 ETC-2-PAGE-03-0)	100%	상하 다름 — 상단 #6A6C70 / 하단 #FFFFFF
더보기/모임관리자/더보기_모임관리자_모임관리자프로필_권한전환.png	0	메인(모달)	ETC-4-MODAL-01-0	#6A6C70	스크림 — 뒤 화면 측정(요소 표면색 아님, 표면색 규칙 적용, 부모 ETC-2-PAGE-03-0)	100%	
더보기/모임관리자/더보기_모임관리자_모임관리자프로필_권한전환.png	1	스낵바	ETC-5-SNACKBAR-01-0	#F0F5FE	스낵바 표면=어두움(규칙). 뜬 화면 ETC-2-PAGE-03-0 측정: 블루	100%	
더보기/모임관리자/더보기_모임관리자_모임관리자프로필_권한전환.png	2	Case A 총무 전환	ETC-4-MODAL-02-0	#6A6C70	스크림 — 뒤 화면 측정(요소 표면색 아님, 표면색 규칙 적용, 부모 ETC-2-PAGE-03-0)	100%	
더보기/모임관리자/더보기_모임관리자_모임관리자프로필_권한전환.png	3	Case A 스낵바	ETC-5-SNACKBAR-01-0	#F0F5FE	스낵바 표면=어두움(규칙). 뜬 화면 ETC-2-PAGE-03-0 측정: 블루	100%	
더보기/모임관리자/더보기_모임관리자_모임관리자프로필_모임내보내기.png	0	메인(모달)	ETC-4-MODAL-03-0	#6A6C70	스크림 — 뒤 화면 측정(요소 표면색 아님, 표면색 규칙 적용, 부모 ETC-2-PAGE-03-0)	100%	
더보기/모임관리자/더보기_모임관리자_모임관리자프로필_모임내보내기.png	1	스낵바	ETC-5-SNACKBAR-02-0	#F0F5FE	스낵바 표면=어두움(규칙). 뜬 화면 ETC-2-PAGE-03-0 측정: 블루	100%	
더보기/모임원삭제-1.png	0			#6A6C70	미매핑	100%	
더보기/모임원삭제-1.png	1			#FFFFFF	미매핑	100%	
더보기/모임원삭제.png	0			#FFFFFF	미매핑	80%	
더보기/모임원삭제.png	1			#FFFFFF	미매핑	100%	
더보기/모임원삭제.png	2			#707070	미매핑	100%	
더보기/모임원삭제.png	3			#FFFFFF	미매핑	100%	
더보기/모임원조회_모임원_납부내역.png	0			#F0F5FE	미매핑	75%	상하 다름 — 상단 #F0F5FE / 하단 #FFFFFF
더보기/모임원조회_모임원수정.png	0			#FFFFFF	미매핑	83%	
더보기/모임원조회_모임원수정.png	1			#F0F5FE	미매핑	100%	
더보기/모임원추가_개별추가.png	0			#FFFFFF	미매핑	98%	
더보기/모임원추가_개별추가.png	1			#FFFFFF	미매핑	100%	
더보기/모임원추가_개별추가.png	2			#FFFFFF	미매핑	100%	
더보기/모임원추가_개별추가.png	3			#FFFFFF	미매핑	100%	
더보기/모임원추가_개별추가_태그.png	-	(위 파일의 중복 경로)	DUE-5-PAGE-01-0		흰색(위 파일과 동일 파일)		
더보기/모임원추가_일괄추가.png	0			#FFFFFF	미매핑	90%	
더보기/모임원추가_일괄추가.png	1			#FFFFFF	미매핑	100%	
더보기/모임원추가_일괄추가.png	2			#FFFFFF	미매핑	100%	
더보기/보고서생성/더보기_보고서생성.png	0	메인(0)	ETC-2-PAGE-04-0	#F0F5FE	블루	73%	
더보기/보고서생성/더보기_보고서생성.png	1			#F0F5FE	미매핑	98%	
더보기/보고서생성/더보기_보고서생성.png	2			#F0F5FE	미매핑	98%	
더보기/보고서생성/더보기_보고서생성_기간보고서조회-1.png	0	메인(0)	ETC-3-PAGE-03-0	#F0F5FE	블루	80%	
더보기/보고서생성/더보기_보고서생성_기간보고서조회.png	0	메인(0)	ETC-4-PAGE-07-0	#F0F5FE	수동 확인 필요(점유율 53% < 60%, v5 블루)	53%	상하 다름 — 상단 #F0F5FE / 하단 #FFFFFF
더보기/보고서생성/더보기_보고서생성_기간보고서조회.png	1			#F0F5FE	미매핑	72%	상하 다름 — 상단 #F0F5FE / 하단 #FFFFFF
더보기/보고서생성/더보기_보고서생성_장부보고서조회-1.png	0	메인	ETC-4-PAGE-05-0	#F0F5FE	블루	81%	상하 다름 — 상단 #F0F5FE / 하단 #FFFFFF
더보기/보고서생성/더보기_보고서생성_장부보고서조회.png	0	메인(0)	ETC-3-PAGE-02-0	#F0F5FE	블루	80%	
더보기/보고서생성/더보기_보고서생성하기.png	0	메인(0)	ETC-3-SHEET-05-0	#6A6C70	판정 불가(v5 스크림)	98%	상하 다름 — 상단 #6A6C70 / 하단 #FFFFFF
더보기/보고서생성/더보기_보고서생성하기_기간별.png	0	메인	ETC-4-PAGE-04-0	#FFFFFF	흰색	83%	
더보기/보고서생성/더보기_보고서생성하기_기간별.png	1			#FFFFFF	미매핑	100%	
더보기/보고서생성/더보기_보고서생성하기_기간별.png	2	Case B 이탈 모달	ETC-5-MODAL-01-0	#707070	스크림 — 뒤 화면 측정(요소 표면색 아님, 표면색 규칙 적용, 부모 ETC-4-PAGE-04-0)	100%	
더보기/보고서생성/더보기_보고서생성하기_기간별.png	3	Case C 스낵바	ETC-5-SNACKBAR-08-0	#F0F5FE	스낵바 표면=어두움(규칙). 뜬 화면 ETC-2-PAGE-04-0 측정: 블루	98%	
더보기/보고서생성/더보기_보고서생성하기_기간별_기간선택.png	0	메인(0)	DTB-3-SHEET-01-0	#FFFFFF	수동 확인 필요(점유율 43% < 60%, v5 흰색)	43%	
더보기/보고서생성/더보기_보고서생성하기_기간별_기간선택.png	1			#FFFFFF	미매핑	100%	
더보기/보고서생성/더보기_보고서생성하기_장부별.png	0	메인	ETC-4-PAGE-03-0	#FFFFFF	흰색	83%	
더보기/보고서생성/더보기_보고서생성하기_장부별.png	1			#FFFFFF	미매핑	100%	
더보기/보고서생성/더보기_보고서생성하기_장부별.png	2	Case B 이탈 모달	ETC-5-MODAL-01-0	#707070	스크림 — 뒤 화면 측정(요소 표면색 아님, 표면색 규칙 적용, 부모 ETC-4-PAGE-03-0)	100%	
더보기/보고서생성/더보기_보고서생성하기_장부별.png	3			#F0F5FE	미매핑	98%	
더보기/보고서생성/더보기_보고서생성하기_장부별_장부선택.png	0	메인(0)	ETC-5-PAGE-01-0	#FFFFFF	흰색	77%	
더보기/보고서생성/더보기_보고서생성하기_장부별_장부선택.png	1			#FFFFFF	미매핑	100%	
더보기/보고서생성/더보기_보고서생성하기_장부별_장부선택.png	2			#FFFFFF	미매핑	100%	상하 다름 — 상단 #FFFFFF / 하단 #E6E6E6
더보기/설정/고객및지원정보_공지사항_상세.png	0	메인(0)	ETC-4-PAGE-18-0	#FFFFFF	흰색	86%	
더보기/설정/글로벌설정_고객및지원정보_공지사항.png	0	메인(0)	ETC-3-PAGE-09-0	#F0F5FE	블루	90%	
더보기/설정/글로벌설정_고객및지원정보_문의하기.png	0	메인(0)	ETC-3-PAGE-10-0	#FFFFFF	흰색	90%	
더보기/설정/글로벌설정_고객및지원정보_문의하기.png	1			#FFFFFF	미매핑	100%	
더보기/설정/글로벌설정_고객및지원정보_이용약관.png	0			#F0F5FE	미매핑	90%	
더보기/설정/글로벌설정_고객및지원정보_이용약관.png	1			#FFFFFF	미매핑	100%	
더보기/설정/글로벌설정_고객및지원정보_이용약관.png	2			#FFFFFF	미매핑	100%	
더보기/설정/글로벌설정_고객및지원정보_이용약관.png	3			#FFFFFF	미매핑	100%	
더보기/설정/글로벌설정_내프로필.png	0	메인(0)	ETC-3-PAGE-07-0	#F0F5FE	블루	81%	
더보기/설정/글로벌설정_내프로필.png	1			#F0F5FE	미매핑	100%	
더보기/설정/글로벌설정_내프로필_프로필변경-1.png	0	메인(0)	ETC-4-SHEET-02-0	#707070	판정 불가(v5 스크림)	100%	상하 다름 — 상단 #707070 / 하단 #FFFFFF
더보기/설정/글로벌설정_내프로필_프로필변경-1.png	1			#707070	미매핑	100%	상하 다름 — 상단 #707070 / 하단 #FFFFFF
더보기/설정/글로벌설정_내프로필_프로필변경.png	0	메인(0)	ETC-4-PAGE-15-0	#FFFFFF	흰색	100%	상하 다름 — 상단 #FFFFFF / 하단 #E6E6E6
더보기/설정/글로벌설정_내프로필_프로필변경.png	1			#FFFFFF	미매핑	100%	
더보기/설정/글로벌설정_내프로필_프로필변경.png	2			#F0F5FE	미매핑	100%	
더보기/설정/글로벌설정_내프로필_프로필변경_비밀번호변경.png	0	메인(0)	ETC-4-PAGE-17-0	#FFFFFF	흰색	86%	
더보기/설정/글로벌설정_내프로필_프로필변경_비밀번호변경.png	1			#FFFFFF	미매핑	100%	상하 다름 — 상단 #FFFFFF / 하단 #E6E6E6
더보기/설정/글로벌설정_내프로필_프로필변경_비밀번호변경.png	2			#FFFFFF	미매핑	100%	상하 다름 — 상단 #FFFFFF / 하단 #E6E6E6
더보기/설정/글로벌설정_내프로필_프로필변경_비밀번호변경.png	3			#F0F5FE	미매핑	100%	
더보기/설정/글로벌설정_내프로필_프로필변경_사진촬영-1.png	0	메인(0)	ETC-7-PAGE-01-0	#323232	판정 불가(v5 기타)	28%	
더보기/설정/글로벌설정_내프로필_프로필변경_사진촬영-2.png	0	메인(0)	ETC-7-PAGE-01-0	#323232	판정 불가(v5 기타)	28%	
더보기/설정/글로벌설정_내프로필_프로필변경_사진촬영.png	0			#EBEBEB	미매핑	46%	
더보기/설정/글로벌설정_내프로필_프로필변경_앨범선택.png	0			#4B5563	미매핑	41%	
더보기/설정/글로벌설정_알림설정.png	0	메인(0)	ETC-3-PAGE-08-0	#FFFFFF	흰색	90%	
더보기/설정/글로벌설정_알림설정.png	1			#FFFFFF	미매핑	100%	
더보기/설정/더보기_글로벌설정.png	0	메인(0)	ETC-2-PAGE-09-0	#F0F5FE	블루	83%	
더보기/증빙자료/더보기_증빙자료앨범.png	0	메인(0)	ETC-2-PAGE-05-0	#FFFFFF	흰색	63%	
더보기/증빙자료/더보기_증빙자료앨범.png	1			#FFFFFF	미매핑	90%	
더보기/증빙자료/더보기_증빙자료앨범.png	2			#FFFFFF	미매핑	100%	
더보기/증빙자료/더보기_증빙자료앨범_검색.png	0	메인(0)	ETC-3-PAGE-05-0	#FFFFFF	흰색	72%	
더보기/증빙자료/더보기_증빙자료앨범_검색.png	1			#FFFFFF	미매핑	100%	상하 다름 — 상단 #FFFFFF / 하단 #E6E6E6
더보기/증빙자료/더보기_증빙자료앨범_검색.png	2			#FFFFFF	미매핑	100%	
더보기/증빙자료/더보기_증빙자료앨범_자료상세.png	0	메인(0)	ETC-3-PAGE-04-0	#EBEBEB	판정 불가(v5 기타)	35%	상하 다름 — 상단 #EBEBEB / 하단 #FFFFFF
더보기/통계분석.png	0	메인(0)	ETC-2-PAGE-07-0	#FFFFFF	흰색	97%	
폴더/폴더_기록.png	0	메인(모달)	FDR-2-MODAL-02-0	#6A6C70	스크림 — 뒤 화면 측정(요소 표면색 아님, 표면색 규칙 적용, 부모 FDR-1-PAGE-01-0)	100%	
폴더/폴더_기록.png	1	스낵바	FDR-3-SNACKBAR-02-0	#F0F5FE	스낵바 표면=어두움(규칙). 뜬 화면 FDR-1-PAGE-01-0 측정: 블루	100%	
폴더/폴더_메뉴_예산설정.png	-	메인+빈 상태(프레임 미검출, 육안+픽셀 확인)	FDR-2-PAGE-02-0	#F0F5FE	블루(수동 확인, x=50..410·430..790 안쪽 스트립)		
폴더/폴더_메뉴_장부예산설정_금액기입.png	0	메인(0)	FDR-3-SHEET-01-0	#6A6C70	판정 불가(v5 스크림)	100%	상하 다름 — 상단 #6A6C70 / 하단 #FFFFFF
폴더/폴더_메뉴_장부예산설정_금액기입.png	1			#6A6C70	미매핑	86%	상하 다름 — 상단 #6A6C70 / 하단 #D1D1D1
폴더/폴더_메뉴_장부예산설정_금액기입.png	2			#F0F5FE	미매핑	100%	상하 다름 — 상단 #F0F5FE / 하단 #FFFFFF
폴더/폴더_메뉴_장부예산설정_금액기입.png	3			#F0F5FE	미매핑	100%	상하 다름 — 상단 #F0F5FE / 하단 #FFFFFF
폴더/폴더_메뉴_폴더/장부선택이동.png	0	메인(0)	FDR-2-PAGE-01-0	#FFFFFF	흰색	79%	
폴더/폴더_메뉴_폴더/장부선택이동.png	1			#707070	미매핑	98%	상하 다름 — 상단 #707070 / 하단 #E6E6E6
폴더/폴더_메뉴_폴더/장부선택이동.png	2			#FFFFFF	미매핑	100%	
폴더/폴더_메뉴_폴더/장부선택이동.png	3			#FFFFFF	미매핑	100%	상하 다름 — 상단 #FFFFFF / 하단 #FFFFFF
폴더/폴더_메뉴_폴더/장부선택이동.png	4			#707070	미매핑	99%	상하 다름 — 상단 #707070 / 하단 #E6E6E6
폴더/폴더_메뉴_폴더/장부선택이동.png	5			#FFFFFF	미매핑	100%	
폴더/폴더_메뉴_폴더/장부선택이동_폴더선택.png	0	메인(0)	FDR-3-PAGE-01-0	#FFFFFF	흰색	73%	
폴더/폴더_메뉴_폴더/장부선택이동_폴더선택.png	1			#FFFFFF	미매핑	100%	
폴더/폴더_메뉴_폴더/장부선택이동_폴더선택.png	2			#F0F5FE	미매핑	100%	
폴더/폴더_메뉴_폴더/장부선택이동_폴더선택.png	3			#FFFFFF	미매핑	100%	상하 다름 — 상단 #FFFFFF / 하단 #FFFFFF
폴더/폴더_메뉴_폴더/장부선택이동_폴더선택.png	4			#FFFFFF	미매핑	100%	
폴더/폴더_메뉴_폴더/장부선택이동_폴더선택.png	5			#F0F5FE	미매핑	100%	
폴더/폴더_메인화면.png	0	메인(0)	FDR-1-PAGE-01-0	#F0F5FE	블루	66%	
폴더/폴더_메인화면.png	1			#F0F5FE	미매핑	100%	
폴더/폴더_메인화면.png	2			#F0F5FE	미매핑	100%	
폴더/폴더_메인화면.png	3			#F0F5FE	미매핑	100%	상하 다름 — 상단 #F0F5FE / 하단 #E6E6E6
폴더/폴더_메인화면.png	4			#F0F5FE	미매핑	100%	
폴더/폴더_메인화면.png	5			#F0F5FE	미매핑	100%	
폴더/폴더_메인화면.png	6			#F0F5FE	미매핑	100%	상하 다름 — 상단 #F0F5FE / 하단 #E6E6E6
폴더/폴더_새폴더/새장부생성.png	0	메인(0)	FDR-2-SHEET-01-0	#6A6C70	판정 불가(v5 스크림)	100%	상하 다름 — 상단 #6A6C70 / 하단 #FFFFFF
폴더/폴더_새폴더/새장부생성.png	1			#6A6C70	미매핑	100%	상하 다름 — 상단 #6A6C70 / 하단 #FFFFFF
폴더/폴더_장부상세.png	0	메인(0)	FDR-2-PAGE-05-0	#F0F5FE	블루	87%	상하 다름 — 상단 #F0F5FE / 하단 #FFFFFF
폴더/폴더_장부상세.png	1			#F0F5FE	미매핑	95%	상하 다름 — 상단 #F0F5FE / 하단 #FFFFFF
폴더/폴더_장부상세.png	2			#F0F5FE	미매핑	100%	상하 다름 — 상단 #F0F5FE / 하단 #FFFFFF
폴더/폴더_장부상세_검색.png	0	메인(0)	FDR-3-PAGE-02-0	#FFFFFF	흰색	84%	
폴더/폴더_장부상세_검색.png	1			#FFFFFF	미매핑	100%	상하 다름 — 상단 #FFFFFF / 하단 #E6E6E6
폴더/폴더_장부상세_검색.png	2			#FFFFFF	미매핑	100%	상하 다름 — 상단 #FFFFFF / 하단 #E6E6E6
폴더/폴더_장부상세_삭제하기.png	0	메인(모달)	FDR-3-MODAL-04-0	#6A6C70	스크림 — 뒤 화면 측정(요소 표면색 아님, 표면색 규칙 적용, 부모 FDR-2-PAGE-05-0)	100%	
폴더/폴더_장부상세_삭제하기.png	1	스낵바	FDR-4-SNACKBAR-02-0	#F0F5FE	스낵바 표면=어두움(규칙). 뜬 화면 FDR-1-PAGE-01-0 측정: 블루	100%	
폴더/폴더_장부상세_이름변경하기.png	0	메인(모달)	FDR-3-MODAL-03-0	#6A6C70	스크림 — 뒤 화면 측정(요소 표면색 아님, 표면색 규칙 적용, 부모 FDR-2-PAGE-05-0)	92%	상하 다름 — 상단 #6A6C70 / 하단 #E6E6E6
폴더/폴더_장부상세_이름변경하기.png	1	스낵바(라벨 COM-1-SNACKBAR-02-0 = 오기)		#F0F5FE	미매핑	100%	상하 다름 — 상단 #F0F5FE / 하단 #FFFFFF
폴더/폴더_장부상세_필터링.png	0	메인(0)	FDR-3-SHEET-03-0	#6A6C70	판정 불가(v5 스크림)	100%	상하 다름 — 상단 #6A6C70 / 하단 #FFFFFF
폴더/폴더_장부상세_필터링.png	1			#6A6C70	미매핑	81%	상하 다름 — 상단 #6A6C70 / 하단 #FFFFFF
폴더/폴더_장부상세_필터링.png	2			#6A6C70	미매핑	81%	상하 다름 — 상단 #6A6C70 / 하단 #FFFFFF
폴더/폴더_장부생성.png	0	메인(0)	FDR-3-PAGE-03-0	#FFFFFF	흰색	90%	
폴더/폴더_장부생성.png	1			#FFFFFF	미매핑	100%	
폴더/폴더_장부생성.png	2			#707070	미매핑	100%	
폴더/폴더_장부생성.png	3			#FFFFFF	미매핑	100%	상하 다름 — 상단 #FFFFFF / 하단 #E6E6E6
폴더/폴더_장부생성.png	4			#FFFFFF	미매핑	95%	
폴더/폴더_장부생성.png	5			#F0F5FE	미매핑	99%	
폴더/폴더_장부예산설정_금액기입.png	0	메인(0)	FDR-3-SHEET-01-0	#484A4C	판정 불가(v5 스크림)	100%	상하 다름 — 상단 #484A4C / 하단 #D1D1D1
폴더/폴더_장부예산설정_금액기입.png	1			#484A4C	미매핑	100%	상하 다름 — 상단 #484A4C / 하단 #D1D1D1
폴더/폴더_장부예산설정_금액기입.png	2			#C4C4C4	미매핑	100%	
폴더/폴더_통계/분석.png	0	메인(0)	ETC-2-PAGE-07-0	#FFFFFF	흰색	97%	
폴더/폴더_폴더상세.png	0	메인(0)	FDR-2-PAGE-04-0	#F0F5FE	블루	76%	
폴더/폴더_폴더상세.png	1			#F0F5FE	미매핑	85%	
폴더/폴더_폴더상세.png	2			#F0F5FE	미매핑	100%	
폴더/폴더_폴더상세.png	3			#F0F5FE	미매핑	100%	
폴더/폴더_폴더상세_메뉴_이름변경하기.png	0	메인(모달)	FDR-3-MODAL-01-0	#6A6C70	스크림 — 뒤 화면 측정(요소 표면색 아님, 표면색 규칙 적용, 부모 FDR-1-PAGE-01-0)	92%	상하 다름 — 상단 #6A6C70 / 하단 #E6E6E6
폴더/폴더_폴더상세_메뉴_이름변경하기.png	1	스낵바(라벨 COM-1-SNACKBAR-02-0 = 오기)		#F0F5FE	미매핑	100%	
폴더/폴더_폴더상세_메뉴_해제하기.png	0	메인(모달)	FDR-3-MODAL-02-0	#6A6C70	스크림 — 뒤 화면 측정(요소 표면색 아님, 표면색 규칙 적용, 부모 FDR-2-PAGE-04-0)	100%	
폴더/폴더_폴더상세_메뉴_해제하기.png	1	스낵바	FDR-4-SNACKBAR-01-0	#F0F5FE	스낵바 표면=어두움(규칙). 뜬 화면 FDR-1-PAGE-01-0 측정: 블루	100%	
폴더/폴더_폴더생성.png	0	메인(모달)	FDR-3-MODAL-05-0	#707070	스크림 — 뒤 화면 측정(요소 표면색 아님, 표면색 규칙 적용, 부모 FDR-2-PAGE-01-0)	100%	
폴더/폴더_폴더생성.png	1	스낵바	FDR-3-SNACKBAR-01-0	#F0F5FE	스낵바 표면=어두움(규칙). 뜬 화면 FDR-1-PAGE-01-0 측정: 블루	100%	
회원가입&로그인/회원가입/SNS 간편 회원가입_가입 정보 입력.png	0	메인(0)	COM-3-PAGE-02-0	#FFFFFF	흰색	91%	
회원가입&로그인/회원가입/SNS 간편 회원가입_가입 정보 입력.png	1			#FFFFFF	미매핑	100%	
회원가입&로그인/회원가입/로그인_메인화면.png	0	메인(0)	COM-1-PAGE-01-0	#FFFFFF	흰색	88%	
회원가입&로그인/회원가입/로그인_메인화면.png	1			#FFFFFF	미매핑	100%	
회원가입&로그인/회원가입/로그인_메인화면.png	2			#FFFFFF	미매핑	100%	
회원가입&로그인/회원가입/로그인_메인화면.png	3			#FFFFFF	미매핑	100%	상하 다름 — 상단 #FFFFFF / 하단 #E6E6E6
회원가입&로그인/회원가입/로그인_비밀번호_재설정.png	0	메인(0)	COM-2-PAGE-02-0	#FFFFFF	흰색	90%	
회원가입&로그인/회원가입/로그인_비밀번호_재설정.png	1			#FFFFFF	미매핑	100%	
회원가입&로그인/회원가입/로그인_비밀번호_재설정.png	2			#FFFFFF	미매핑	100%	
회원가입&로그인/회원가입/일반 회원가입_가입 정보 입력.png	0	메인(0)	COM-3-PAGE-03-0	#FFFFFF	흰색	87%	
회원가입&로그인/회원가입/일반 회원가입_가입 정보 입력.png	1			#FFFFFF	미매핑	100%	
회원가입&로그인/회원가입/일반 회원가입_가입 정보 입력.png	2			#FFFFFF	미매핑	100%	상하 다름 — 상단 #FFFFFF / 하단 #E6E6E6
회원가입&로그인/회원가입/일반 회원가입_이메일 인증.png	0	메인(0)	COM-4-PAGE-01-0	#FFFFFF	흰색	96%	
회원가입&로그인/회원가입/일반 회원가입_이메일 인증.png	1			#FFFFFF	미매핑	100%	상하 다름 — 상단 #FFFFFF / 하단 #D1D1D1
회원가입&로그인/회원가입/일반 회원가입_이메일 인증.png	2			#FFFFFF	미매핑	100%	
회원가입&로그인/회원가입/일반 회원가입_이메일 인증.png	3			#FFFFFF	미매핑	100%	
회원가입&로그인/회원가입/일반 회원가입_이메일 인증.png	4			#FFFFFF	미매핑	100%	
회원가입&로그인/회원가입/회원가입_약관동의.png	0	메인(0)	COM-2-PAGE-01-0	#FFFFFF	흰색	90%	
회원가입&로그인/회원가입/회원가입_약관동의.png	1			#FFFFFF	미매핑	100%	
회원가입&로그인/회원가입/회원가입_약관상세.png	0	메인(0)	COM-2-PAGE-01-0	#FFFFFF	흰색	92%	
회원가입&로그인/회원가입/회원가입_약관상세.png	1			#FFFFFF	미매핑	100%	
회원가입&로그인/회원가입/회원가입_약관상세.png	2			#FFFFFF	미매핑	100%	
회원가입&로그인/회원가입/회원가입_완료.png	0	메인(0)	COM-5-PAGE-01-0	#FFFFFF	흰색	94%	
더보기/모임관리/모임원추가_개별추가_태그.png	-	메인(프레임 미검출, 육안+픽셀 확인)	DUE-5-PAGE-01-0	#FFFFFF	흰색(수동 확인, x=50..410·430..790 안쪽 스트립)		
더보기/모임원추가_개별추가_태그.png	-	(위 파일의 중복 경로)	DUE-5-PAGE-01-0		흰색(위 파일과 동일 파일)		
폴더/폴더_메뉴_예산설정.png	-	메인+빈 상태(프레임 미검출, 육안+픽셀 확인)	FDR-2-PAGE-02-0	#F0F5FE	블루(수동 확인, x=50..410·430..790 안쪽 스트립)		
대시보드/대시보드_알림내역.png	2			#FFFFFF	미매핑	100%	
더보기/통계분석.png	1			#FFFFFF	미매핑	100%	
폴더/폴더_통계/분석.png	1			#FFFFFF	미매핑	100%	
