spec_file	blue_pct	판정
DUE/납부관리_납부요청.png	15.29	블루
DUE/납부관리_메인.png	14.24	블루
DUE/납부관리_메인_새회비생성.png	0.06	흰색
DUE/납부관리_메인_새회비생성_기간선택.png	0.46	흰색
DUE/납부관리_메인_새회비생성_모임원선택.png	3.97	블루
DUE/납부관리_메인_새회비생성_장부선택.png	0.07	흰색
DUE/납부관리_회비상세.png	14.40	블루
DUE/납부관리_회비상세_마감.png	10.60	블루
DUE/납부관리_회비상세_마감된회비.png	14.17	블루
DUE/납부관리_회비상세_삭제.png	10.60	블루
DUE/납부관리_회비상세_수정.png	3.69	블루
DUE/납부관리_회비상세_수정_기간선택.png	0.39	흰색
DUE/납부관리_회비상세_수정_모임원선택.png	3.69	블루
DUE/납부관리_회비상세_수정_장부선택.png	0.11	흰색
DUE/납부관리_회비상세_예정된회비.png	14.19	블루
FAB_내역추가/내역_내역추가.png	2.26	블루
FAB_내역추가/내역_내역추가_상세정보-1.png	0.14	흰색
FAB_내역추가/내역_내역추가_상세정보-2.png	0.07	흰색
FAB_내역추가/내역_내역추가_상세정보-3.png	0.07	흰색
FAB_내역추가/내역_내역추가_상세정보-4.png	0.07	흰색
FAB_내역추가/내역_내역추가_상세정보-5.png	0.13	흰색
FAB_내역추가/내역_내역추가_상세정보.png	0.07	흰색
FAB_내역추가/내역_내역추가_증빙자료-2.png	0.13	흰색
FAB_내역추가/내역_내역추가_증빙자료_영수증스캔.png	0.24	흰색
FAB_내역추가/일반회원_내역_내역추가.png	2.26	블루
내역/내역_검색.png	0.07	흰색
내역/내역_메인화면.png	10.04	블루
내역/내역_상세내역수정.png	0.05	흰색
내역/내역_상세내역조회.png	0.06	흰색
내역/내역_상세내역조회_납부관리수입내역.png	0.12	흰색
내역/내역_상세내역조회_삭제.png	3.35	블루
내역/내역_상세내역조회_승인요청내역.png	3.35	블루
내역/내역_필터링.png	0.08	흰색
내역/내역_필터링_기간선택.png	1.13	흰색
대시보드/대시보드_메인화면.png	11.18	블루
대시보드/대시보드_알림내역.png	0.47	흰색
대시보드/대시보드_캘린더.png	0.96	흰색
더보기/기록보관/더보기_기록보관.png	25.87	블루
더보기/기록보관/더보기_기록보관_기록보관삭제.png	23.79	블루
더보기/기록보관/더보기_기록보관_보관제목변경.png	15.21	블루
더보기/기록보관/더보기_기록보관_상세보기.png	15.57	블루
더보기/더보기_모임관리_모임원관리.png	0.05	흰색
더보기/더보기_모임관리_모임원관리_모임원상세.png	16.41	블루
더보기/더보기_모임관리_모임원관리_모임원추가.png	0.12	흰색
더보기/로그아웃&탈퇴하기/글로벌설정_내프로필_로그아웃.png	0.13	흰색
더보기/로그아웃&탈퇴하기/글로벌설정_내프로필_탈퇴하기.png	18.91	블루
더보기/로그아웃&탈퇴하기/내프로필_탈퇴하기_권한이전.png	19.61	블루
더보기/로그아웃&탈퇴하기/내프로필_탈퇴하기_권한이전_사유선택.png	26.10	블루
더보기/로그아웃&탈퇴하기/내프로필_탈퇴하기_권한이전_사유선택_탈퇴하기.png	0.13	흰색
더보기/메인/더보기_메인.png	20.77	블루
더보기/메인/더보기_모임전환_전체모임관리.png	20.55	블루
더보기/메인/전체모임관리_모임추가.png	0.13	흰색
더보기/메인/전체모임관리_모임추가_새모임생성하기.png	6.80	블루
더보기/메인/전체모임관리_모임추가_코드로참여하기.png	7.02	블루
더보기/모임 나가기/더보기_모임관리_모임나가기.png	6.84	블루
더보기/모임 나가기/더보기_모임관리_모임삭제하기.png	5.78	블루
더보기/모임관리/더보기_모임관리.png	14.26	블루
더보기/모임관리/더보기_모임관리_모임원관리.png	0.05	흰색
더보기/모임관리/더보기_모임관리_모임원관리_모임원상세.png	16.41	블루
더보기/모임관리/더보기_모임관리_모임원관리_모임원추가.png	0.12	흰색
더보기/모임관리/더보기_모임관리_모임프로필변경.png	0.10	흰색
더보기/모임관리/모임원삭제-1.png	0.13	흰색
더보기/모임관리/모임원삭제.png	0.07	흰색
더보기/모임관리/모임원조회_모임원_납부내역.png	4.50	블루
더보기/모임관리/모임원조회_모임원수정.png	9.24	블루
더보기/모임관리/모임원추가_개별추가.png	0.05	흰색
더보기/모임관리/모임원추가_개별추가_태그.png	0.10	흰색
더보기/모임관리/모임원추가_일괄추가.png	0.07	흰색
더보기/모임관리자/더보기_모임관리자.png	38.26	블루
더보기/모임관리자/더보기_모임관리자_모임관리자_내프로필.png	0.07	흰색
더보기/모임관리자/더보기_모임관리자_모임관리자프로필.png	0.07	흰색
더보기/모임관리자/더보기_모임관리자_모임관리자프로필_권한전환.png	19.94	블루
더보기/모임관리자/더보기_모임관리자_모임관리자프로필_모임내보내기.png	20.44	블루
더보기/모임원삭제-1.png	0.13	흰색
더보기/모임원삭제.png	0.07	흰색
더보기/모임원조회_모임원_납부내역.png	4.50	블루
더보기/모임원조회_모임원수정.png	9.24	블루
더보기/모임원추가_개별추가.png	0.05	흰색
더보기/모임원추가_개별추가_태그.png	0.10	흰색
더보기/모임원추가_일괄추가.png	0.07	흰색
더보기/보고서생성/더보기_보고서생성.png	44.34	블루
더보기/보고서생성/더보기_보고서생성_기간보고서조회-1.png	14.07	블루
더보기/보고서생성/더보기_보고서생성_기간보고서조회.png	9.44	블루
더보기/보고서생성/더보기_보고서생성_장부보고서조회-1.png	4.75	블루
더보기/보고서생성/더보기_보고서생성_장부보고서조회.png	9.95	블루
더보기/보고서생성/더보기_보고서생성하기.png	0.12	흰색
더보기/보고서생성/더보기_보고서생성하기_기간별.png	7.08	블루
더보기/보고서생성/더보기_보고서생성하기_기간별_기간선택.png	0.65	흰색
더보기/보고서생성/더보기_보고서생성하기_장부별.png	7.08	블루
더보기/보고서생성/더보기_보고서생성하기_장부별_장부선택.png	1.13	흰색
더보기/설정/고객및지원정보_공지사항_상세.png	0.11	흰색
더보기/설정/글로벌설정_고객및지원정보_공지사항.png	20.65	블루
더보기/설정/글로벌설정_고객및지원정보_문의하기.png	0.11	흰색
더보기/설정/글로벌설정_고객및지원정보_이용약관.png	8.49	블루
더보기/설정/글로벌설정_내프로필.png	28.72	블루
더보기/설정/글로벌설정_내프로필_프로필변경-1.png	0.07	흰색
더보기/설정/글로벌설정_내프로필_프로필변경.png	9.11	블루
더보기/설정/글로벌설정_내프로필_프로필변경_비밀번호변경.png	6.12	블루
더보기/설정/글로벌설정_내프로필_프로필변경_사진촬영-1.png	0.13	흰색
더보기/설정/글로벌설정_내프로필_프로필변경_사진촬영-2.png	0.13	흰색
더보기/설정/글로벌설정_내프로필_프로필변경_사진촬영.png	0.13	흰색
더보기/설정/글로벌설정_내프로필_프로필변경_앨범선택.png	0.14	흰색
더보기/설정/글로벌설정_알림설정.png	0.11	흰색
더보기/설정/더보기_글로벌설정.png	13.41	블루
더보기/증빙자료/더보기_증빙자료앨범.png	0.07	흰색
더보기/증빙자료/더보기_증빙자료앨범_검색.png	0.07	흰색
더보기/증빙자료/더보기_증빙자료앨범_자료상세.png	0.13	흰색
더보기/통계분석.png	0.74	흰색
폴더/폴더_기록.png	21.26	블루
폴더/폴더_메뉴_예산설정.png	50.20	블루
폴더/폴더_메뉴_장부예산설정_금액기입.png	7.35	블루
폴더/폴더_메뉴_폴더/장부선택이동.png	2.73	블루
폴더/폴더_메뉴_폴더/장부선택이동_폴더선택.png	11.23	블루
폴더/폴더_메인화면.png	38.82	블루
폴더/폴더_새폴더/새장부생성.png	0.13	흰색
폴더/폴더_장부상세.png	12.07	블루
폴더/폴더_장부상세_검색.png	0.08	흰색
폴더/폴더_장부상세_삭제하기.png	20.96	블루
폴더/폴더_장부상세_이름변경하기.png	6.94	블루
폴더/폴더_장부상세_필터링.png	0.19	흰색
폴더/폴더_장부생성.png	5.19	블루
폴더/폴더_장부예산설정_금액기입.png	0.07	흰색
폴더/폴더_통계/분석.png	0.74	흰색
폴더/폴더_폴더상세.png	33.09	블루
폴더/폴더_폴더상세_메뉴_이름변경하기.png	19.63	블루
폴더/폴더_폴더상세_메뉴_해제하기.png	20.67	블루
폴더/폴더_폴더생성.png	20.27	블루
회원가입&로그인/회원가입/SNS 간편 회원가입_가입 정보 입력.png	0.13	흰색
회원가입&로그인/회원가입/로그인_메인화면.png	0.07	흰색
회원가입&로그인/회원가입/로그인_비밀번호_재설정.png	0.07	흰색
회원가입&로그인/회원가입/일반 회원가입_가입 정보 입력.png	0.07	흰색
회원가입&로그인/회원가입/일반 회원가입_이메일 인증.png	0.05	흰색
회원가입&로그인/회원가입/회원가입_약관동의.png	0.14	흰색
회원가입&로그인/회원가입/회원가입_약관상세.png	0.06	흰색
회원가입&로그인/회원가입/회원가입_완료.png	0.13	흰색
