style	font_size_token	font_size_px	line_height_token	line_height_px	letter_spacing_token	letter_spacing_value	font_weight_token	font_weight_variable
H1	Font Size/600	24	Line Height/800	32	letter spacing/none	0	Font Weight/Bold	500
H2	Font Size/500	20	Line Height/700	28	letter spacing/sm	0.15	Font Weight/SemiBold	400
H3	Font Size/450	18	Line Height/600	24	letter spacing/sm	0.15	Font Weight/SemiBold	400
Subtitle1	Font Size/400	16	Line Height/600	24	letter spacing/sm	0.15	Font Weight/SemiBold	400
Subtitle2	Font Size/400	16	Line Height/600	24	letter spacing/sm	0.15	Font Weight/Medium	300
Subtitle3	Font Size/350	14	Line Height/500	20	letter spacing/xs	0.1	Font Weight/SemiBold	400
Subtitle4	Font Size/350	14	Line Height/500	20	letter spacing/xs	0.1	Font Weight/Medium	300
Body1	Font Size/400	16	Line Height/600	24	letter spacing/2xl	0.5	Font Weight/Regular	200
Body2	Font Size/350	14	Line Height/500	20	letter spacing/lg	0.25	Font Weight/Regular	200
Body3	Font Size/300	12	Line Height/400	16	letter spacing/lg	0.25	Font Weight/Regular	200
Button	Font Size/350	14	Line Height/500	20	letter spacing/3xl	1.25	Font Weight/Semibold	400
Chips	Font Size/300	12	Line Height/400	16	letter spacing/xl	0.4	Font Weight/Medium	300
Badge	Font Size/250	10	Line Height/400	16	letter spacing/4xl	1.5	Font Weight/Semibold	400
Caption	Font Size/250	10	Line Height/400	16	letter spacing/xl	0.4	Font Weight/Regular	200
Overline	Font Size/250	10	Line Height/450	18	letter spacing/xl	0.4	Font Weight/Regular	200
